kdskpd;nmskpd;kdsubunit;nmsubunit;kdsubgiat;nmsubgiat;kdrek;nmrek;awal;akhir;tahun;real
5.02.0.00.0.00.01.0000;BADAN KEUANGAN DAN ASET DAERAH;5.02.0.00.0.00.01.0000;BADAN KEUANGAN DAN ASET DAERAH;;;4.1.01.09.001.00001;Pajak Reklame Papan/Billboard/Videotron/ Megatron;129375000;129375000;2026;35505500
5.02.0.00.0.00.01.0000;BADAN KEUANGAN DAN ASET DAERAH;5.02.0.00.0.00.01.0000;BADAN KEUANGAN DAN ASET DAERAH;;;4.1.01.09.002.00001;Pajak Reklame Kain;181125000;181125000;2026;22775000
5.02.0.00.0.00.01.0000;BADAN KEUANGAN DAN ASET DAERAH;5.02.0.00.0.00.01.0000;BADAN KEUANGAN DAN ASET DAERAH;;;4.1.01.09.003.00001;Pajak Reklame Melekat/Stiker;4140000;4140000;2026;92127500
5.02.0.00.0.00.01.0000;BADAN KEUANGAN DAN ASET DAERAH;5.02.0.00.0.00.01.0000;BADAN KEUANGAN DAN ASET DAERAH;;;4.1.01.09.005.00001;Pajak Reklame Berjalan;7762500;7762500;2026;9310000
5.02.0.00.0.00.01.0000;BADAN KEUANGAN DAN ASET DAERAH;5.02.0.00.0.00.01.0000;BADAN KEUANGAN DAN ASET DAERAH;;;4.1.01.13.001.00001;Pajak Sarang Burung Walet;2070000;2070000;2026;0
5.02.0.00.0.00.01.0000;BADAN KEUANGAN DAN ASET DAERAH;5.02.0.00.0.00.01.0000;BADAN KEUANGAN DAN ASET DAERAH;;;4.1.01.14.008.00001;Pajak Dolomit;74520000;74520000;2026;69346200
5.02.0.00.0.00.01.0000;BADAN KEUANGAN DAN ASET DAERAH;5.02.0.00.0.00.01.0000;BADAN KEUANGAN DAN ASET DAERAH;;;4.1.01.14.037.00001;Pajak Mineral bukan Logam dan Batuan Lainnya;155250000;155250000;2026;7711029
5.02.0.00.0.00.01.0000;BADAN KEUANGAN DAN ASET DAERAH;5.02.0.00.0.00.01.0000;BADAN KEUANGAN DAN ASET DAERAH;;;4.1.01.15.001.00001;PBBP2;4156750000;4156750000;2026;1131020864
5.02.0.00.0.00.01.0000;BADAN KEUANGAN DAN ASET DAERAH;5.02.0.00.0.00.01.0000;BADAN KEUANGAN DAN ASET DAERAH;;;4.1.01.16.001.00001;BPHTB-Pemindahan Hak;4418609830;4418609830;2026;993922005
5.02.0.00.0.00.01.0000;BADAN KEUANGAN DAN ASET DAERAH;5.02.0.00.0.00.01.0000;BADAN KEUANGAN DAN ASET DAERAH;;;4.1.01.16.002.00001;BPHTB-Pemberian Hak Baru;928919603;928919603;2026;521497451
5.02.0.00.0.00.01.0000;BADAN KEUANGAN DAN ASET DAERAH;5.02.0.00.0.00.01.0000;BADAN KEUANGAN DAN ASET DAERAH;;;4.1.01.19.001.00001;PBJT-Restoran;3249332002;3249332002;2026;613277135
5.02.0.00.0.00.01.0000;BADAN KEUANGAN DAN ASET DAERAH;5.02.0.00.0.00.01.0000;BADAN KEUANGAN DAN ASET DAERAH;;;4.1.01.19.002.00001;PBJT-Konsumsi Tenaga Listrik dari Sumber Lain;9774465300.05;9774465300.05;2026;7463637846
5.02.0.00.0.00.01.0000;BADAN KEUANGAN DAN ASET DAERAH;5.02.0.00.0.00.01.0000;BADAN KEUANGAN DAN ASET DAERAH;;;4.1.01.19.002.00002;PBJT-Konsumsi Tenaga Listrik yang Dihasilkan Sendiri;372600000;372600000;2026;281667041
5.02.0.00.0.00.01.0000;BADAN KEUANGAN DAN ASET DAERAH;5.02.0.00.0.00.01.0000;BADAN KEUANGAN DAN ASET DAERAH;;;4.1.01.19.003.00001;PBJT-Hotel;82800000;82800000;2026;25779645
5.02.0.00.0.00.01.0000;BADAN KEUANGAN DAN ASET DAERAH;5.02.0.00.0.00.01.0000;BADAN KEUANGAN DAN ASET DAERAH;;;4.1.01.19.003.00009;PBJT-Rumah Penginapan/Guesthouse/Bungalo/Resort/Cottage;186300000;186300000;2026;55104091
5.02.0.00.0.00.01.0000;BADAN KEUANGAN DAN ASET DAERAH;5.02.0.00.0.00.01.0000;BADAN KEUANGAN DAN ASET DAERAH;;;4.1.01.19.004.00001;PBJT-Penyediaan atau Penyelenggaraan Tempat Parkir;56925000;56925000;2026;42135600
5.02.0.00.0.00.01.0000;BADAN KEUANGAN DAN ASET DAERAH;5.02.0.00.0.00.01.0000;BADAN KEUANGAN DAN ASET DAERAH;;;4.1.01.19.005.00001;PBJT-Tontonan Film atau Bentuk Tontonan Audio Visual Lainnya yang Dipertontonkan secara Langsung di Suatu Lokasi Tertentu;1345500;1345500;2026;0
5.02.0.00.0.00.01.0000;BADAN KEUANGAN DAN ASET DAERAH;5.02.0.00.0.00.01.0000;BADAN KEUANGAN DAN ASET DAERAH;;;4.1.01.19.005.00002;PBJT-Pergelaran Kesenian, Musik, Tari, dan/atau Busana;6727500;6727500;2026;0
5.02.0.00.0.00.01.0000;BADAN KEUANGAN DAN ASET DAERAH;5.02.0.00.0.00.01.0000;BADAN KEUANGAN DAN ASET DAERAH;;;4.1.01.19.005.00003;PBJT-Kontes Kecantikan;3363750;3363750;2026;0
5.02.0.00.0.00.01.0000;BADAN KEUANGAN DAN ASET DAERAH;5.02.0.00.0.00.01.0000;BADAN KEUANGAN DAN ASET DAERAH;;;4.1.01.19.005.00008;PBJT-Permainan Ketangkasan;0;0;2026;4000000
5.02.0.00.0.00.01.0000;BADAN KEUANGAN DAN ASET DAERAH;5.02.0.00.0.00.01.0000;BADAN KEUANGAN DAN ASET DAERAH;;;4.1.01.20.001.00001;Opsen PKB;11424188397;11424188397;2026;6916719700
5.02.0.00.0.00.01.0000;BADAN KEUANGAN DAN ASET DAERAH;5.02.0.00.0.00.01.0000;BADAN KEUANGAN DAN ASET DAERAH;;;4.1.01.21.001.00001;Opsen BBNKB;7614679173;10698217038.93;2026;10198605706
1.02.0.00.0.00.01.0000;DINAS KESEHATAN;1.02.0.00.0.00.01.0003;Puskesmas Sungai Lansek;;;4.1.02.01.001.00001;Retribusi Pelayanan Kesehatan di Puskesmas;147960000;342642000;2026;47851900
1.02.0.00.0.00.01.0000;DINAS KESEHATAN;1.02.0.00.0.00.01.0004;Puskesmas Kamang;;;4.1.02.01.001.00001;Retribusi Pelayanan Kesehatan di Puskesmas;485168466;569339200;2026;86397500
1.02.0.00.0.00.01.0000;DINAS KESEHATAN;1.02.0.00.0.00.01.0005;Puskesmas Air Amo;;;4.1.02.01.001.00001;Retribusi Pelayanan Kesehatan di Puskesmas;115000000;177738500;2026;27670000
1.02.0.00.0.00.01.0000;DINAS KESEHATAN;1.02.0.00.0.00.01.0006;Puskesmas Tanjung Gadang;;;4.1.02.01.001.00001;Retribusi Pelayanan Kesehatan di Puskesmas;175000000;474064500;2026;93724500
1.02.0.00.0.00.01.0000;DINAS KESEHATAN;1.02.0.00.0.00.01.0007;Puskesmas Sijunjung;;;4.1.02.01.001.00001;Retribusi Pelayanan Kesehatan di Puskesmas;165000000;508355500;2026;51695000
1.02.0.00.0.00.01.0000;DINAS KESEHATAN;1.02.0.00.0.00.01.0008;Puskesmas Gambok;;;4.1.02.01.001.00001;Retribusi Pelayanan Kesehatan di Puskesmas;170000000;463149000;2026;104392500
1.02.0.00.0.00.01.0000;DINAS KESEHATAN;1.02.0.00.0.00.01.0009;Puskesmas Lubuk Tarok;;;4.1.02.01.001.00001;Retribusi Pelayanan Kesehatan di Puskesmas;141500000;492924500;2026;46068250
1.02.0.00.0.00.01.0000;DINAS KESEHATAN;1.02.0.00.0.00.01.0010;Puskesmas Muaro Bodi;;;4.1.02.01.001.00001;Retribusi Pelayanan Kesehatan di Puskesmas;140000000;395582500;2026;65133550
1.02.0.00.0.00.01.0000;DINAS KESEHATAN;1.02.0.00.0.00.01.0011;Puskesmas Padang Sibusuk;;;4.1.02.01.001.00001;Retribusi Pelayanan Kesehatan di Puskesmas;89767000;353061600;2026;38167500
1.02.0.00.0.00.01.0000;DINAS KESEHATAN;1.02.0.00.0.00.01.0012;Puskesmas Tanjung Ampalu;;;4.1.02.01.001.00001;Retribusi Pelayanan Kesehatan di Puskesmas;200491666;415691900;2026;100193000
1.02.0.00.0.00.01.0000;DINAS KESEHATAN;1.02.0.00.0.00.01.0013;Puskesmas Padang Laweh;;;4.1.02.01.001.00001;Retribusi Pelayanan Kesehatan di Puskesmas;66000000;864429600;2026;37945250
1.02.0.00.0.00.01.0000;DINAS KESEHATAN;1.02.0.00.0.00.01.0014;Puskesmas Kumanis;;;4.1.02.01.001.00001;Retribusi Pelayanan Kesehatan di Puskesmas;82160000;442138800;2026;34603000
1.02.0.00.0.00.01.0000;DINAS KESEHATAN;1.02.0.00.0.00.01.0015;Puskesmas Sumpur Kudus;;;4.1.02.01.001.00001;Retribusi Pelayanan Kesehatan di Puskesmas;80608850;260195900;2026;20400000
1.02.0.00.0.00.01.0000;DINAS KESEHATAN;1.02.0.00.0.00.01.0001;Rumah Sakit Umum Daerah (RSUD) Kamang Baru;;;4.1.02.01.001.00005;Retribusi Pelayanan Kesehatan di Rumah Sakit Umum Daerah;229067000;713847600;2026;208887500
1.02.0.00.0.00.01.0000;DINAS KESEHATAN;1.02.0.00.0.00.01.0016;Rumah Sakit Umum Daerah Ahmad Syafii Maarif;;;4.1.02.01.001.00005;Retribusi Pelayanan Kesehatan di Rumah Sakit Umum Daerah;3538130384;43953028900;2026;1257267995
1.02.0.00.0.00.01.0000;DINAS KESEHATAN;1.02.0.00.0.00.01.0002;Laboratorium Kesehatan Daerah (Labkesda);;;4.1.02.01.001.00006;Retribusi Pelayanan Kesehatan di Tempat Pelayanan Kesehatan Lainnya yang Sejenis;358000000;471001261;2026;84615000
2.15.0.00.0.00.01.0000;DINAS PERHUBUNGAN;2.15.0.00.0.00.01.0000;DINAS PERHUBUNGAN;;;4.1.02.01.004.00001;Retribusi Penyediaan Pelayanan Parkir di Tepi Jalan Umum;37073700;20740000;2026;9155000
2.17.3.30.3.31.01.0000;DINAS PERDAGANGAN, PERINDUSTRIAN, KOPERASI USAHA KECIL DAN MENENGAH;2.17.3.30.3.31.01.0000;DINAS PERDAGANGAN, PERINDUSTRIAN, KOPERASI USAHA KECIL DAN MENENGAH;;;4.1.02.01.005.00001;Retribusi Pelataran;5564000;7564000;2026;5726000
2.17.3.30.3.31.01.0000;DINAS PERDAGANGAN, PERINDUSTRIAN, KOPERASI USAHA KECIL DAN MENENGAH;2.17.3.30.3.31.01.0000;DINAS PERDAGANGAN, PERINDUSTRIAN, KOPERASI USAHA KECIL DAN MENENGAH;;;4.1.02.01.005.00002;Retribusi Los;60000000;60000000;2026;26099000
3.27.0.00.0.00.01.0000;DINAS PERTANIAN;3.27.0.00.0.00.01.0000;DINAS PERTANIAN;;;4.1.02.01.005.00002;Retribusi Los;185000000;175000000;2026;110306000
2.17.3.30.3.31.01.0000;DINAS PERDAGANGAN, PERINDUSTRIAN, KOPERASI USAHA KECIL DAN MENENGAH;2.17.3.30.3.31.01.0000;DINAS PERDAGANGAN, PERINDUSTRIAN, KOPERASI USAHA KECIL DAN MENENGAH;;;4.1.02.01.005.00003;Retribusi Kios;34560000;34560000;2026;27000000
1.04.2.11.0.00.01.0000;DINAS PERUMAHAN, KAWASAN PERMUKIMAN DAN LINGKUNGAN HIDUP;1.04.2.11.0.00.01.0000;DINAS PERUMAHAN, KAWASAN PERMUKIMAN DAN LINGKUNGAN HIDUP;;;4.1.02.01.014.00001;Retribusi Pelayanan Persampahan;401429304;401429304;2026;241585400
4.01.0.00.0.00.01.0000;SEKRETARIAT DAERAH;4.01.0.00.0.00.01.0000;SEKRETARIAT DAERAH;;;4.1.02.01.014.00002;Retribusi Penyediaan dan/atau Penyedotan Kakus;10895544;10895544;2026;7000000
1.01.2.22.0.00.01.0000;DINAS PENDIDIKAN DAN KEBUDAYAAN;1.01.2.22.0.00.01.0000;DINAS PENDIDIKAN DAN KEBUDAYAAN;;;4.1.02.02.006.00001;Retribusi Pelayanan Tempat Penginapan/ Pesanggrahan/Vila;10000000;10000000;2026;5500000
3.26.2.19.0.00.01.0000;DINAS PARIWISATA, PEMUDA DAN OLAH RAGA;3.26.2.19.0.00.01.0000;DINAS PARIWISATA, PEMUDA DAN OLAH RAGA;;;4.1.02.02.006.00001;Retribusi Pelayanan Tempat Penginapan/ Pesanggrahan/Vila;300000;300000;2026;0
3.27.0.00.0.00.01.0000;DINAS PERTANIAN;3.27.0.00.0.00.01.0000;DINAS PERTANIAN;;;4.1.02.02.006.00001;Retribusi Pelayanan Tempat Penginapan/ Pesanggrahan/Vila;10000000;10000000;2026;4150000
2.15.0.00.0.00.01.0000;DINAS PERHUBUNGAN;2.15.0.00.0.00.01.0000;DINAS PERHUBUNGAN;;;4.1.02.02.012.00001;Retribusi Penyediaan Tempat Kegiatan Usaha berupa Pasar, Grosir, Pertokoan, dan Tempat Kegiatan Usaha Lainnya;10752000;21120000;2026;14115600
2.17.3.30.3.31.01.0000;DINAS PERDAGANGAN, PERINDUSTRIAN, KOPERASI USAHA KECIL DAN MENENGAH;2.17.3.30.3.31.01.0000;DINAS PERDAGANGAN, PERINDUSTRIAN, KOPERASI USAHA KECIL DAN MENENGAH;;;4.1.02.02.012.00001;Retribusi Penyediaan Tempat Kegiatan Usaha berupa Pasar, Grosir, Pertokoan, dan Tempat Kegiatan Usaha Lainnya;31680000;31680000;2026;2400000
3.26.2.19.0.00.01.0000;DINAS PARIWISATA, PEMUDA DAN OLAH RAGA;3.26.2.19.0.00.01.0000;DINAS PARIWISATA, PEMUDA DAN OLAH RAGA;;;4.1.02.02.012.00001;Retribusi Penyediaan Tempat Kegiatan Usaha berupa Pasar, Grosir, Pertokoan, dan Tempat Kegiatan Usaha Lainnya;39960000;39960000;2026;11730000
2.15.0.00.0.00.01.0000;DINAS PERHUBUNGAN;2.15.0.00.0.00.01.0000;DINAS PERHUBUNGAN;;;4.1.02.02.014.00001;Retribusi Penyediaan Tempat Khusus Parkir Diluar Badan Jalan;43780500;52226200;2026;42604000
3.27.0.00.0.00.01.0000;DINAS PERTANIAN;3.27.0.00.0.00.01.0000;DINAS PERTANIAN;;;4.1.02.02.015.00001;Retribusi Pelayanan Rumah Pemotongan Hewan Ternak;4200000;4200000;2026;2300000
3.26.2.19.0.00.01.0000;DINAS PARIWISATA, PEMUDA DAN OLAH RAGA;3.26.2.19.0.00.01.0000;DINAS PARIWISATA, PEMUDA DAN OLAH RAGA;;;4.1.02.02.017.00001;Retribusi Pelayanan Tempat Rekreasi, Pariwisata, dan Olahraga;104300000;107300000;2026;54945000
1.03.2.10.0.00.01.0000;DINAS PEKERJAAN UMUM DAN PENATAAN RUANG;1.03.2.10.0.00.01.0000;DINAS PEKERJAAN UMUM DAN PENATAAN RUANG;;;4.1.02.02.019.00001;Retribusi Penjualan Hasil Produksi Usaha Pemerintah Daerah;100000;181850000;2026;7100000
1.03.2.10.0.00.01.0000;DINAS PEKERJAAN UMUM DAN PENATAAN RUANG;1.03.2.10.0.00.01.0000;DINAS PEKERJAAN UMUM DAN PENATAAN RUANG;;;4.1.02.02.019.00001;Retribusi Penjualan Hasil Produksi Usaha Pemerintah Daerah;27700000;0;2026;0
1.03.2.10.0.00.01.0000;DINAS PEKERJAAN UMUM DAN PENATAAN RUANG;1.03.2.10.0.00.01.0000;DINAS PEKERJAAN UMUM DAN PENATAAN RUANG;;;4.1.02.02.019.00001;Retribusi Penjualan Hasil Produksi Usaha Pemerintah Daerah;250000;0;2026;0
1.03.2.10.0.00.01.0000;DINAS PEKERJAAN UMUM DAN PENATAAN RUANG;1.03.2.10.0.00.01.0000;DINAS PEKERJAAN UMUM DAN PENATAAN RUANG;;;4.1.02.02.019.00001;Retribusi Penjualan Hasil Produksi Usaha Pemerintah Daerah;68400000;0;2026;0
1.03.2.10.0.00.01.0000;DINAS PEKERJAAN UMUM DAN PENATAAN RUANG;1.03.2.10.0.00.01.0000;DINAS PEKERJAAN UMUM DAN PENATAAN RUANG;;;4.1.02.02.019.00001;Retribusi Penjualan Hasil Produksi Usaha Pemerintah Daerah;84600000;0;2026;0
1.03.2.10.0.00.01.0000;DINAS PEKERJAAN UMUM DAN PENATAAN RUANG;1.03.2.10.0.00.01.0000;DINAS PEKERJAAN UMUM DAN PENATAAN RUANG;;;4.1.02.02.019.00001;Retribusi Penjualan Hasil Produksi Usaha Pemerintah Daerah;800000;0;2026;0
2.09.3.25.0.00.01.0000;DINAS PANGAN DAN PERIKANAN;2.09.3.25.0.00.01.0000;DINAS PANGAN DAN PERIKANAN;;;4.1.02.02.019.00001;Retribusi Penjualan Hasil Produksi Usaha Pemerintah Daerah;160218000;160218000;2026;22318000
3.27.0.00.0.00.01.0000;DINAS PERTANIAN;3.27.0.00.0.00.01.0000;DINAS PERTANIAN;;;4.1.02.02.019.00001;Retribusi Penjualan Hasil Produksi Usaha Pemerintah Daerah;151510294;279485000;2026;252026000
3.27.0.00.0.00.01.0000;DINAS PERTANIAN;3.27.0.00.0.00.01.0000;DINAS PERTANIAN;;;4.1.02.02.019.00001;Retribusi Penjualan Hasil Produksi Usaha Pemerintah Daerah;5000000;0;2026;0
3.27.0.00.0.00.01.0000;DINAS PERTANIAN;3.27.0.00.0.00.01.0000;DINAS PERTANIAN;;;4.1.02.02.019.00001;Retribusi Penjualan Hasil Produksi Usaha Pemerintah Daerah;36000000;0;2026;0
3.27.0.00.0.00.01.0000;DINAS PERTANIAN;3.27.0.00.0.00.01.0000;DINAS PERTANIAN;;;4.1.02.02.019.00001;Retribusi Penjualan Hasil Produksi Usaha Pemerintah Daerah;30000000;0;2026;0
3.27.0.00.0.00.01.0000;DINAS PERTANIAN;3.27.0.00.0.00.01.0000;DINAS PERTANIAN;;;4.1.02.02.019.00001;Retribusi Penjualan Hasil Produksi Usaha Pemerintah Daerah;144500000;0;2026;0
1.01.2.22.0.00.01.0000;DINAS PENDIDIKAN DAN KEBUDAYAAN;1.01.2.22.0.00.01.0000;DINAS PENDIDIKAN DAN KEBUDAYAAN;;;4.1.02.02.020.00001;Retribusi Pemanfaatan Aset Daerah;11160000;38430000;2026;17148000
1.01.2.22.0.00.01.0000;DINAS PENDIDIKAN DAN KEBUDAYAAN;1.01.2.22.0.00.01.0000;DINAS PENDIDIKAN DAN KEBUDAYAAN;;;4.1.02.02.020.00001;Retribusi Pemanfaatan Aset Daerah;17450000;0;2026;0
1.01.2.22.0.00.01.0000;DINAS PENDIDIKAN DAN KEBUDAYAAN;1.01.2.22.0.00.01.0000;DINAS PENDIDIKAN DAN KEBUDAYAAN;;;4.1.02.02.020.00001;Retribusi Pemanfaatan Aset Daerah;9820000;0;2026;0
1.02.0.00.0.00.01.0000;DINAS KESEHATAN;1.02.0.00.0.00.01.0000;DINAS KESEHATAN;;;4.1.02.02.020.00001;Retribusi Pemanfaatan Aset Daerah;8400000;122220000;2026;79015000
1.02.0.00.0.00.01.0000;DINAS KESEHATAN;1.02.0.00.0.00.01.0000;DINAS KESEHATAN;;;4.1.02.02.020.00001;Retribusi Pemanfaatan Aset Daerah;12000000;0;2026;0
1.02.0.00.0.00.01.0000;DINAS KESEHATAN;1.02.0.00.0.00.01.0000;DINAS KESEHATAN;;;4.1.02.02.020.00001;Retribusi Pemanfaatan Aset Daerah;1860000;0;2026;0
1.02.0.00.0.00.01.0000;DINAS KESEHATAN;1.02.0.00.0.00.01.0000;DINAS KESEHATAN;;;4.1.02.02.020.00001;Retribusi Pemanfaatan Aset Daerah;37200000;0;2026;0
1.02.0.00.0.00.01.0000;DINAS KESEHATAN;1.02.0.00.0.00.01.0000;DINAS KESEHATAN;;;4.1.02.02.020.00001;Retribusi Pemanfaatan Aset Daerah;53280000;0;2026;0
1.02.0.00.0.00.01.0000;DINAS KESEHATAN;1.02.0.00.0.00.01.0000;DINAS KESEHATAN;;;4.1.02.02.020.00001;Retribusi Pemanfaatan Aset Daerah;4440000;0;2026;0
1.02.0.00.0.00.01.0000;DINAS KESEHATAN;1.02.0.00.0.00.01.0000;DINAS KESEHATAN;;;4.1.02.02.020.00001;Retribusi Pemanfaatan Aset Daerah;5040000;0;2026;0
1.02.0.00.0.00.01.0000;DINAS KESEHATAN;1.02.0.00.0.00.01.0016;Rumah Sakit Umum Daerah Ahmad Syafii Maarif;;;4.1.02.02.020.00001;Retribusi Pemanfaatan Aset Daerah;407465265;627131400;2026;403739100
1.03.2.10.0.00.01.0000;DINAS PEKERJAAN UMUM DAN PENATAAN RUANG;1.03.2.10.0.00.01.0000;DINAS PEKERJAAN UMUM DAN PENATAAN RUANG;;;4.1.02.02.020.00001;Retribusi Pemanfaatan Aset Daerah;90000000;330826085;2026;34665000
1.03.2.10.0.00.01.0000;DINAS PEKERJAAN UMUM DAN PENATAAN RUANG;1.03.2.10.0.00.01.0000;DINAS PEKERJAAN UMUM DAN PENATAAN RUANG;;;4.1.02.02.020.00001;Retribusi Pemanfaatan Aset Daerah;121500000;0;2026;0
1.03.2.10.0.00.01.0000;DINAS PEKERJAAN UMUM DAN PENATAAN RUANG;1.03.2.10.0.00.01.0000;DINAS PEKERJAAN UMUM DAN PENATAAN RUANG;;;4.1.02.02.020.00001;Retribusi Pemanfaatan Aset Daerah;135000000;0;2026;0
1.03.2.10.0.00.01.0000;DINAS PEKERJAAN UMUM DAN PENATAAN RUANG;1.03.2.10.0.00.01.0000;DINAS PEKERJAAN UMUM DAN PENATAAN RUANG;;;4.1.02.02.020.00001;Retribusi Pemanfaatan Aset Daerah;121500000;0;2026;0
1.03.2.10.0.00.01.0000;DINAS PEKERJAAN UMUM DAN PENATAAN RUANG;1.03.2.10.0.00.01.0000;DINAS PEKERJAAN UMUM DAN PENATAAN RUANG;;;4.1.02.02.020.00001;Retribusi Pemanfaatan Aset Daerah;153000000;0;2026;0
1.03.2.10.0.00.01.0000;DINAS PEKERJAAN UMUM DAN PENATAAN RUANG;1.03.2.10.0.00.01.0000;DINAS PEKERJAAN UMUM DAN PENATAAN RUANG;;;4.1.02.02.020.00001;Retribusi Pemanfaatan Aset Daerah;40500000;0;2026;0
1.03.2.10.0.00.01.0000;DINAS PEKERJAAN UMUM DAN PENATAAN RUANG;1.03.2.10.0.00.01.0000;DINAS PEKERJAAN UMUM DAN PENATAAN RUANG;;;4.1.02.02.020.00001;Retribusi Pemanfaatan Aset Daerah;7500000;0;2026;0
1.03.2.10.0.00.01.0000;DINAS PEKERJAAN UMUM DAN PENATAAN RUANG;1.03.2.10.0.00.01.0000;DINAS PEKERJAAN UMUM DAN PENATAAN RUANG;;;4.1.02.02.020.00001;Retribusi Pemanfaatan Aset Daerah;2220000;0;2026;0
1.03.2.10.0.00.01.0000;DINAS PEKERJAAN UMUM DAN PENATAAN RUANG;1.03.2.10.0.00.01.0000;DINAS PEKERJAAN UMUM DAN PENATAAN RUANG;;;4.1.02.02.020.00001;Retribusi Pemanfaatan Aset Daerah;2520000;0;2026;0
1.03.2.10.0.00.01.0000;DINAS PEKERJAAN UMUM DAN PENATAAN RUANG;1.03.2.10.0.00.01.0000;DINAS PEKERJAAN UMUM DAN PENATAAN RUANG;;;4.1.02.02.020.00001;Retribusi Pemanfaatan Aset Daerah;960000;0;2026;0
1.03.2.10.0.00.01.0000;DINAS PEKERJAAN UMUM DAN PENATAAN RUANG;1.03.2.10.0.00.01.0000;DINAS PEKERJAAN UMUM DAN PENATAAN RUANG;;;4.1.02.02.020.00001;Retribusi Pemanfaatan Aset Daerah;137250000;0;2026;0
1.03.2.10.0.00.01.0000;DINAS PEKERJAAN UMUM DAN PENATAAN RUANG;1.03.2.10.0.00.01.0000;DINAS PEKERJAAN UMUM DAN PENATAAN RUANG;;;4.1.02.02.020.00001;Retribusi Pemanfaatan Aset Daerah;58500000;0;2026;0
1.04.2.11.0.00.01.0000;DINAS PERUMAHAN, KAWASAN PERMUKIMAN DAN LINGKUNGAN HIDUP;1.04.2.11.0.00.01.0000;DINAS PERUMAHAN, KAWASAN PERMUKIMAN DAN LINGKUNGAN HIDUP;;;4.1.02.02.020.00001;Retribusi Pemanfaatan Aset Daerah;2400000;7095000;2026;4415000
1.04.2.11.0.00.01.0000;DINAS PERUMAHAN, KAWASAN PERMUKIMAN DAN LINGKUNGAN HIDUP;1.04.2.11.0.00.01.0000;DINAS PERUMAHAN, KAWASAN PERMUKIMAN DAN LINGKUNGAN HIDUP;;;4.1.02.02.020.00001;Retribusi Pemanfaatan Aset Daerah;4500000;0;2026;0
1.04.2.11.0.00.01.0000;DINAS PERUMAHAN, KAWASAN PERMUKIMAN DAN LINGKUNGAN HIDUP;1.04.2.11.0.00.01.0000;DINAS PERUMAHAN, KAWASAN PERMUKIMAN DAN LINGKUNGAN HIDUP;;;4.1.02.02.020.00001;Retribusi Pemanfaatan Aset Daerah;1860000;0;2026;0
1.05.0.00.0.00.01.0000;DINAS POLISI PAMONG PRAJA DAN PEMADAM KEBAKARAN;1.05.0.00.0.00.01.0000;DINAS POLISI PAMONG PRAJA DAN PEMADAM KEBAKARAN;;;4.1.02.02.020.00001;Retribusi Pemanfaatan Aset Daerah;4200000;4200000;2026;1800000
2.07.3.32.0.00.01.0000;DINAS KETENAGAKERJAAN DAN TRANSMIGRASI;2.07.3.32.0.00.01.0000;DINAS KETENAGAKERJAAN DAN TRANSMIGRASI;;;4.1.02.02.020.00001;Retribusi Pemanfaatan Aset Daerah;5700000;3100000;2026;2100000
2.09.3.25.0.00.01.0000;DINAS PANGAN DAN PERIKANAN;2.09.3.25.0.00.01.0000;DINAS PANGAN DAN PERIKANAN;;;4.1.02.02.020.00001;Retribusi Pemanfaatan Aset Daerah;4860000;4860000;2026;2935000
2.12.0.00.0.00.01.0000;DINAS KEPENDUDUKAN DAN PENCATATAN SIPIL;2.12.0.00.0.00.01.0000;DINAS KEPENDUDUKAN DAN PENCATATAN SIPIL;;;4.1.02.02.020.00001;Retribusi Pemanfaatan Aset Daerah;1500000;250000;2026;250000
2.13.0.00.0.00.01.0000;DINAS PEMBERDAYAAN MASYARAKAT DAN NAGARI;2.13.0.00.0.00.01.0000;DINAS PEMBERDAYAAN MASYARAKAT DAN NAGARI;;;4.1.02.02.020.00001;Retribusi Pemanfaatan Aset Daerah;1500000;250000;2026;250000
2.14.0.00.0.00.01.0000;DINAS PENGENDALIAN PENDUDUK DAN KELUARGA BERENCANA;2.14.0.00.0.00.01.0000;DINAS PENGENDALIAN PENDUDUK DAN KELUARGA BERENCANA;;;4.1.02.02.020.00001;Retribusi Pemanfaatan Aset Daerah;3720000;3720000;2026;3465000
2.15.0.00.0.00.01.0000;DINAS PERHUBUNGAN;2.15.0.00.0.00.01.0000;DINAS PERHUBUNGAN;;;4.1.02.02.020.00001;Retribusi Pemanfaatan Aset Daerah;7000000;10760000;2026;5530000
2.15.0.00.0.00.01.0000;DINAS PERHUBUNGAN;2.15.0.00.0.00.01.0000;DINAS PERHUBUNGAN;;;4.1.02.02.020.00001;Retribusi Pemanfaatan Aset Daerah;6240000;0;2026;0
2.16.2.20.2.21.01.0000;DINAS KOMUNIKASI DAN INFORMATIKA;2.16.2.20.2.21.01.0000;DINAS KOMUNIKASI DAN INFORMATIKA;;;4.1.02.02.020.00001;Retribusi Pemanfaatan Aset Daerah;2520000;6240000;2026;6570000
2.16.2.20.2.21.01.0000;DINAS KOMUNIKASI DAN INFORMATIKA;2.16.2.20.2.21.01.0000;DINAS KOMUNIKASI DAN INFORMATIKA;;;4.1.02.02.020.00001;Retribusi Pemanfaatan Aset Daerah;2220000;0;2026;0
2.16.2.20.2.21.01.0000;DINAS KOMUNIKASI DAN INFORMATIKA;2.16.2.20.2.21.01.0000;DINAS KOMUNIKASI DAN INFORMATIKA;;;4.1.02.02.020.00001;Retribusi Pemanfaatan Aset Daerah;1500000;0;2026;0
2.17.3.30.3.31.01.0000;DINAS PERDAGANGAN, PERINDUSTRIAN, KOPERASI USAHA KECIL DAN MENENGAH;2.17.3.30.3.31.01.0000;DINAS PERDAGANGAN, PERINDUSTRIAN, KOPERASI USAHA KECIL DAN MENENGAH;;;4.1.02.02.020.00001;Retribusi Pemanfaatan Aset Daerah;4500000;4500000;2026;2000000
2.18.0.00.0.00.01.0000;DINAS PENANAMAN MODAL DAN PELAYANAN TERPADU SATU PINTU;2.18.0.00.0.00.01.0000;DINAS PENANAMAN MODAL DAN PELAYANAN TERPADU SATU PINTU;;;4.1.02.02.020.00001;Retribusi Pemanfaatan Aset Daerah;10860000;10860000;2026;5595000
2.23.2.24.0.00.01.0000;DINAS PERPUSTAKAAN DAN KEARSIPAN;2.23.2.24.0.00.01.0000;DINAS PERPUSTAKAAN DAN KEARSIPAN;;;4.1.02.02.020.00001;Retribusi Pemanfaatan Aset Daerah;1500000;6470000;2026;4230000
3.26.2.19.0.00.01.0000;DINAS PARIWISATA, PEMUDA DAN OLAH RAGA;3.26.2.19.0.00.01.0000;DINAS PARIWISATA, PEMUDA DAN OLAH RAGA;;;4.1.02.02.020.00001;Retribusi Pemanfaatan Aset Daerah;3000000;2700000;2026;1800000
3.26.2.19.0.00.01.0000;DINAS PARIWISATA, PEMUDA DAN OLAH RAGA;3.26.2.19.0.00.01.0000;DINAS PARIWISATA, PEMUDA DAN OLAH RAGA;;;4.1.02.02.020.00001;Retribusi Pemanfaatan Aset Daerah;2700000;0;2026;0
3.27.0.00.0.00.01.0000;DINAS PERTANIAN;3.27.0.00.0.00.01.0000;DINAS PERTANIAN;;;4.1.02.02.020.00001;Retribusi Pemanfaatan Aset Daerah;51370000;72970000;2026;33910000
3.27.0.00.0.00.01.0000;DINAS PERTANIAN;3.27.0.00.0.00.01.0000;DINAS PERTANIAN;;;4.1.02.02.020.00001;Retribusi Pemanfaatan Aset Daerah;4440000;0;2026;0
3.27.0.00.0.00.01.0000;DINAS PERTANIAN;3.27.0.00.0.00.01.0000;DINAS PERTANIAN;;;4.1.02.02.020.00001;Retribusi Pemanfaatan Aset Daerah;1200000;0;2026;0
3.27.0.00.0.00.01.0000;DINAS PERTANIAN;3.27.0.00.0.00.01.0000;DINAS PERTANIAN;;;4.1.02.02.020.00001;Retribusi Pemanfaatan Aset Daerah;15000000;0;2026;0
3.27.0.00.0.00.01.0000;DINAS PERTANIAN;3.27.0.00.0.00.01.0000;DINAS PERTANIAN;;;4.1.02.02.020.00001;Retribusi Pemanfaatan Aset Daerah;960000;0;2026;0
4.01.0.00.0.00.01.0000;SEKRETARIAT DAERAH;4.01.0.00.0.00.01.0000;SEKRETARIAT DAERAH;;;4.1.02.02.020.00001;Retribusi Pemanfaatan Aset Daerah;27720000;146960000;2026;58888000
4.01.0.00.0.00.01.0000;SEKRETARIAT DAERAH;4.01.0.00.0.00.01.0000;SEKRETARIAT DAERAH;;;4.1.02.02.020.00001;Retribusi Pemanfaatan Aset Daerah;15740000;0;2026;0
4.01.0.00.0.00.01.0000;SEKRETARIAT DAERAH;4.01.0.00.0.00.01.0000;SEKRETARIAT DAERAH;;;4.1.02.02.020.00001;Retribusi Pemanfaatan Aset Daerah;103500000;0;2026;0
4.02.0.00.0.00.01.0000;SEKRETARIAT DPRD;4.02.0.00.0.00.01.0000;SEKRETARIAT DPRD;;;4.1.02.02.020.00001;Retribusi Pemanfaatan Aset Daerah;1500000;2425000;2026;1185000
5.01.5.05.0.00.01.0000;BADAN PERENCANAAN, PENELITIAN DAN PENGEMBANGAN DAERAH;5.01.5.05.0.00.01.0000;BADAN PERENCANAAN, PENELITIAN DAN PENGEMBANGAN DAERAH;;;4.1.02.02.020.00001;Retribusi Pemanfaatan Aset Daerah;1500000;1500000;2026;875000
5.02.0.00.0.00.01.0000;BADAN KEUANGAN DAN ASET DAERAH;5.02.0.00.0.00.01.0000;BADAN KEUANGAN DAN ASET DAERAH;;;4.1.02.02.020.00001;Retribusi Pemanfaatan Aset Daerah;3000000000;56666259;2026;8650000
5.02.0.00.0.00.01.0000;BADAN KEUANGAN DAN ASET DAERAH;5.02.0.00.0.00.01.0000;BADAN KEUANGAN DAN ASET DAERAH;;;4.1.02.02.020.00001;Retribusi Pemanfaatan Aset Daerah;10920000;0;2026;0
5.02.0.00.0.00.01.0000;BADAN KEUANGAN DAN ASET DAERAH;5.02.0.00.0.00.01.0000;BADAN KEUANGAN DAN ASET DAERAH;;;4.1.02.02.020.00001;Retribusi Pemanfaatan Aset Daerah;20000000;0;2026;0
5.02.0.00.0.00.01.0000;BADAN KEUANGAN DAN ASET DAERAH;5.02.0.00.0.00.01.0000;BADAN KEUANGAN DAN ASET DAERAH;;;4.1.02.02.020.00001;Retribusi Pemanfaatan Aset Daerah;25196259;0;2026;0
5.03.5.04.0.00.01.0000;BADAN KEPEGAWAIAN DAN PENGEMBANGAN SUMBER DAYA MANUSIA;5.03.5.04.0.00.01.0000;BADAN KEPEGAWAIAN DAN PENGEMBANGAN SUMBER DAYA MANUSIA;;;4.1.02.02.020.00001;Retribusi Pemanfaatan Aset Daerah;3000000;7440000;2026;4960000
5.03.5.04.0.00.01.0000;BADAN KEPEGAWAIAN DAN PENGEMBANGAN SUMBER DAYA MANUSIA;5.03.5.04.0.00.01.0000;BADAN KEPEGAWAIAN DAN PENGEMBANGAN SUMBER DAYA MANUSIA;;;4.1.02.02.020.00001;Retribusi Pemanfaatan Aset Daerah;4440000;0;2026;0
6.01.0.00.0.00.01.0000;INSPEKTORAT DAERAH;6.01.0.00.0.00.01.0000;INSPEKTORAT DAERAH;;;4.1.02.02.020.00001;Retribusi Pemanfaatan Aset Daerah;14760000;14760000;2026;10320000
7.01.0.00.0.00.01.0000;KECAMATAN KAMANG BARU;7.01.0.00.0.00.01.0000;KECAMATAN KAMANG BARU;;;4.1.02.02.020.00001;Retribusi Pemanfaatan Aset Daerah;1860000;3760000;2026;1085000
7.01.0.00.0.00.01.0000;KECAMATAN KAMANG BARU;7.01.0.00.0.00.01.0000;KECAMATAN KAMANG BARU;;;4.1.02.02.020.00001;Retribusi Pemanfaatan Aset Daerah;1900000;0;2026;0
7.01.0.00.0.00.02.0000;KECAMATAN TANJUNG GADANG;7.01.0.00.0.00.02.0000;KECAMATAN TANJUNG GADANG;;;4.1.02.02.020.00001;Retribusi Pemanfaatan Aset Daerah;4100000;4100000;2026;2950000
7.01.0.00.0.00.03.0000;KECAMATAN LUBUK TAROK;7.01.0.00.0.00.03.0000;KECAMATAN LUBUK TAROK;;;4.1.02.02.020.00001;Retribusi Pemanfaatan Aset Daerah;1500000;1500000;2026;155000
7.01.0.00.0.00.04.0000;KECAMATAN SIJUNJUNG;7.01.0.00.0.00.04.0000;KECAMATAN SIJUNJUNG;;;4.1.02.02.020.00001;Retribusi Pemanfaatan Aset Daerah;1500000;1500000;2026;400000
7.01.0.00.0.00.05.0000;KECAMATAN IV NAGARI;7.01.0.00.0.00.05.0000;KECAMATAN IV NAGARI;;;4.1.02.02.020.00001;Retribusi Pemanfaatan Aset Daerah;1500000;1500000;2026;150000
7.01.0.00.0.00.06.0000;KECAMATAN KOTO VII;7.01.0.00.0.00.06.0000;KECAMATAN KOTO VII;;;4.1.02.02.020.00001;Retribusi Pemanfaatan Aset Daerah;2500000;2500000;2026;1100000
7.01.0.00.0.00.07.0000;KECAMATAN SUMPUR KUDUS;7.01.0.00.0.00.07.0000;KECAMATAN SUMPUR KUDUS;;;4.1.02.02.020.00001;Retribusi Pemanfaatan Aset Daerah;3000000;3000000;2026;1480000
7.01.0.00.0.00.08.0000;KECAMATAN KUPITAN;7.01.0.00.0.00.08.0000;KECAMATAN KUPITAN;;;4.1.02.02.020.00001;Retribusi Pemanfaatan Aset Daerah;2400000;3400000;2026;1500000
7.01.0.00.0.00.08.0000;KECAMATAN KUPITAN;7.01.0.00.0.00.08.0000;KECAMATAN KUPITAN;;;4.1.02.02.020.00001;Retribusi Pemanfaatan Aset Daerah;1500000;0;2026;0
7.01.0.00.0.00.08.0000;KECAMATAN KUPITAN;7.01.0.00.0.00.08.0000;KECAMATAN KUPITAN;;;4.1.02.02.020.00001;Retribusi Pemanfaatan Aset Daerah;1500000;0;2026;0
1.03.2.10.0.00.01.0000;DINAS PEKERJAAN UMUM DAN PENATAAN RUANG;1.03.2.10.0.00.01.0000;DINAS PEKERJAAN UMUM DAN PENATAAN RUANG;;;4.1.02.03.007.00001;Retribusi Persetujuan Bangunan Gedung;16000000;352926030;2026;85925780
1.03.2.10.0.00.01.0000;DINAS PEKERJAAN UMUM DAN PENATAAN RUANG;1.03.2.10.0.00.01.0000;DINAS PEKERJAAN UMUM DAN PENATAAN RUANG;;;4.1.02.03.007.00001;Retribusi Persetujuan Bangunan Gedung;28140400;0;2026;0
1.03.2.10.0.00.01.0000;DINAS PEKERJAAN UMUM DAN PENATAAN RUANG;1.03.2.10.0.00.01.0000;DINAS PEKERJAAN UMUM DAN PENATAAN RUANG;;;4.1.02.03.007.00001;Retribusi Persetujuan Bangunan Gedung;103785630;0;2026;0
1.03.2.10.0.00.01.0000;DINAS PEKERJAAN UMUM DAN PENATAAN RUANG;1.03.2.10.0.00.01.0000;DINAS PEKERJAAN UMUM DAN PENATAAN RUANG;;;4.1.02.03.007.00001;Retribusi Persetujuan Bangunan Gedung;205000000;0;2026;0
5.02.0.00.0.00.01.0000;BADAN KEUANGAN DAN ASET DAERAH;5.02.0.00.0.00.01.0000;BADAN KEUANGAN DAN ASET DAERAH;;;4.1.03.02.001.00001;Bagian Laba yang Dibagikan kepada Pemerintah Daerah (Dividen) atas Penyertaan Modal pada BUMD (Lembaga Keuangan);22228553361.36;18707726649;2026;18707726649
5.02.0.00.0.00.01.0000;BADAN KEUANGAN DAN ASET DAERAH;5.02.0.00.0.00.01.0000;BADAN KEUANGAN DAN ASET DAERAH;;;4.1.03.02.002.00001;Bagian Laba yang Dibagikan kepada Pemerintah Daerah (Dividen) atas Penyertaan Modal pada BUMD (Aneka Usaha);35000000;35000000;2026;0
5.02.0.00.0.00.01.0000;BADAN KEUANGAN DAN ASET DAERAH;5.02.0.00.0.00.01.0000;BADAN KEUANGAN DAN ASET DAERAH;;;4.1.03.03.001.00001;Bagian Laba yang Dibagikan kepada Pemerintah Daerah (Dividen) atas Penyertaan Modal pada Perusahaan Milik Swasta;150000000;150000000;2026;65728478
5.02.0.00.0.00.01.0000;BADAN KEUANGAN DAN ASET DAERAH;5.02.0.00.0.00.01.0000;BADAN KEUANGAN DAN ASET DAERAH;;;4.1.04.01.003.00005;Hasil Penjualan Bangunan Gedung-Bangunan Gedung Tempat Kerja-Bangunan Gedung Kantor;1120000;1120000;2026;8715000
3.27.0.00.0.00.01.0000;DINAS PERTANIAN;3.27.0.00.0.00.01.0000;DINAS PERTANIAN;;;4.1.04.01.005.00064;Hasil Penjualan Tanaman-Tanaman-Tanaman;527820000;0;2026;145432134
5.02.0.00.0.00.01.0000;BADAN KEUANGAN DAN ASET DAERAH;5.02.0.00.0.00.01.0000;BADAN KEUANGAN DAN ASET DAERAH;;;4.1.04.01.008.00001;Hasil Penjualan Aset Lain-Lain-Aset Lain-Lain-Aset Rusak Berat/Usang;3000000000;3000000000;2026;0
5.02.0.00.0.00.01.0000;BADAN KEUANGAN DAN ASET DAERAH;5.02.0.00.0.00.01.0000;BADAN KEUANGAN DAN ASET DAERAH;;;4.1.04.05.001.00001;Jasa Giro pada Kas Daerah;4891000000;778930236;2026;818084249
5.02.0.00.0.00.01.0000;BADAN KEUANGAN DAN ASET DAERAH;5.02.0.00.0.00.01.0000;BADAN KEUANGAN DAN ASET DAERAH;;;4.1.04.05.002.00001;Jasa Giro pada Kas di Bendahara;200000000;80050985;2026;54552655
5.02.0.00.0.00.01.0000;BADAN KEUANGAN DAN ASET DAERAH;5.02.0.00.0.00.01.0000;BADAN KEUANGAN DAN ASET DAERAH;;;4.1.04.07.001.00001;Pendapatan Bunga atas Penempatan Uang Pemerintah Daerah;8500000000;1863222018.28;2026;918750000
5.02.0.00.0.00.01.0000;BADAN KEUANGAN DAN ASET DAERAH;5.02.0.00.0.00.01.0000;BADAN KEUANGAN DAN ASET DAERAH;;;4.1.04.08.002.00001;Tuntutan Ganti Kerugian Daerah terhadap Pegawai Negeri Bukan Bendahara atau Pejabat Lain;0;2519860384;2026;3372837350
5.02.0.00.0.00.01.0000;BADAN KEUANGAN DAN ASET DAERAH;5.02.0.00.0.00.01.0000;BADAN KEUANGAN DAN ASET DAERAH;;;4.1.04.11.001.00001;Pendapatan Denda atas Keterlambatan Pelaksanaan Pekerjaan;0;167198128;2026;42160000
5.02.0.00.0.00.01.0000;BADAN KEUANGAN DAN ASET DAERAH;5.02.0.00.0.00.01.0000;BADAN KEUANGAN DAN ASET DAERAH;;;4.1.04.14.001.00001;Hasil Eksekusi atas Jaminan atas Pengadaan Barang/Jasa;0;0;2026;125038128
5.02.0.00.0.00.01.0000;BADAN KEUANGAN DAN ASET DAERAH;5.02.0.00.0.00.01.0000;BADAN KEUANGAN DAN ASET DAERAH;;;4.1.04.15.008.00002;Pendapatan dari Pengembalian Kelebihan Pembayaran Belanja Gaji Pokok ASN-Gaji Pokok PPPK;0;227954112;2026;0
1.02.0.00.0.00.01.0000;DINAS KESEHATAN;1.02.0.00.0.00.01.0001;Rumah Sakit Umum Daerah (RSUD) Kamang Baru;;;4.1.04.16.002.00001;Pendapatan BLUD dari Jasa Layanan;458620200;373639600;2026;190953784
1.02.0.00.0.00.01.0000;DINAS KESEHATAN;1.02.0.00.0.00.01.0002;Laboratorium Kesehatan Daerah (Labkesda);;;4.1.04.16.002.00001;Pendapatan BLUD dari Jasa Layanan;141000000;219484700;2026;219484700
1.02.0.00.0.00.01.0000;DINAS KESEHATAN;1.02.0.00.0.00.01.0003;Puskesmas Sungai Lansek;;;4.1.04.16.002.00001;Pendapatan BLUD dari Jasa Layanan;1133252852;938570900;2026;607608633
1.02.0.00.0.00.01.0000;DINAS KESEHATAN;1.02.0.00.0.00.01.0004;Puskesmas Kamang;;;4.1.04.16.002.00001;Pendapatan BLUD dari Jasa Layanan;1376854504;1649422800;2026;940743030
1.02.0.00.0.00.01.0000;DINAS KESEHATAN;1.02.0.00.0.00.01.0005;Puskesmas Air Amo;;;4.1.04.16.002.00001;Pendapatan BLUD dari Jasa Layanan;571000000;508261500;2026;372214204
1.02.0.00.0.00.01.0000;DINAS KESEHATAN;1.02.0.00.0.00.01.0006;Puskesmas Tanjung Gadang;;;4.1.04.16.002.00001;Pendapatan BLUD dari Jasa Layanan;2726561460;2427497000;2026;1176493528
1.02.0.00.0.00.01.0000;DINAS KESEHATAN;1.02.0.00.0.00.01.0007;Puskesmas Sijunjung;;;4.1.04.16.002.00001;Pendapatan BLUD dari Jasa Layanan;2289000000;1945644500;2026;1191451558
1.02.0.00.0.00.01.0000;DINAS KESEHATAN;1.02.0.00.0.00.01.0008;Puskesmas Gambok;;;4.1.04.16.002.00001;Pendapatan BLUD dari Jasa Layanan;1584006128;1290857200;2026;720264745
1.02.0.00.0.00.01.0000;DINAS KESEHATAN;1.02.0.00.0.00.01.0009;Puskesmas Lubuk Tarok;;;4.1.04.16.002.00001;Pendapatan BLUD dari Jasa Layanan;1413560886;1403646700;2026;826096659
1.02.0.00.0.00.01.0000;DINAS KESEHATAN;1.02.0.00.0.00.01.0010;Puskesmas Muaro Bodi;;;4.1.04.16.002.00001;Pendapatan BLUD dari Jasa Layanan;1291594000;1066994900;2026;601735267
1.02.0.00.0.00.01.0000;DINAS KESEHATAN;1.02.0.00.0.00.01.0011;Puskesmas Padang Sibusuk;;;4.1.04.16.002.00001;Pendapatan BLUD dari Jasa Layanan;1114000000;919770500;2026;481812210
1.02.0.00.0.00.01.0000;DINAS KESEHATAN;1.02.0.00.0.00.01.0012;Puskesmas Tanjung Ampalu;;;4.1.04.16.002.00001;Pendapatan BLUD dari Jasa Layanan;1966647568;1911946900;2026;1133824810
1.02.0.00.0.00.01.0000;DINAS KESEHATAN;1.02.0.00.0.00.01.0013;Puskesmas Padang Laweh;;;4.1.04.16.002.00001;Pendapatan BLUD dari Jasa Layanan;1745925000;1074444000;2026;668591724
1.02.0.00.0.00.01.0000;DINAS KESEHATAN;1.02.0.00.0.00.01.0014;Puskesmas Kumanis;;;4.1.04.16.002.00001;Pendapatan BLUD dari Jasa Layanan;1497400000;1137421200;2026;653962682
1.02.0.00.0.00.01.0000;DINAS KESEHATAN;1.02.0.00.0.00.01.0015;Puskesmas Sumpur Kudus;;;4.1.04.16.002.00001;Pendapatan BLUD dari Jasa Layanan;922926884;819683800;2026;502572088
1.02.0.00.0.00.01.0000;DINAS KESEHATAN;1.02.0.00.0.00.01.0016;Rumah Sakit Umum Daerah Ahmad Syafii Maarif;;;4.1.04.16.002.00001;Pendapatan BLUD dari Jasa Layanan;41949123391;4170754000;2026;24364223610
1.02.0.00.0.00.01.0000;DINAS KESEHATAN;1.02.0.00.0.00.01.0016;Rumah Sakit Umum Daerah Ahmad Syafii Maarif;;;4.1.04.16.004.00001;Pendapatan BLUD dari Hasil Kerja Sama dengan Pihak Lain;21000000;112419000;2026;26974661
1.02.0.00.0.00.01.0000;DINAS KESEHATAN;1.02.0.00.0.00.01.0002;Laboratorium Kesehatan Daerah (Labkesda);;;4.1.04.16.006.00001;Pendapatan BLUD dari Jasa Giro;1000000;1000000;2026;231631
1.02.0.00.0.00.01.0000;DINAS KESEHATAN;1.02.0.00.0.00.01.0003;Puskesmas Sungai Lansek;;;4.1.04.16.006.00001;Pendapatan BLUD dari Jasa Giro;200000;200000;2026;201324
1.02.0.00.0.00.01.0000;DINAS KESEHATAN;1.02.0.00.0.00.01.0004;Puskesmas Kamang;;;4.1.04.16.006.00001;Pendapatan BLUD dari Jasa Giro;6468466;6468500;2026;342628
1.02.0.00.0.00.01.0000;DINAS KESEHATAN;1.02.0.00.0.00.01.0005;Puskesmas Air Amo;;;4.1.04.16.006.00001;Pendapatan BLUD dari Jasa Giro;395447;395400;2026;205671
1.02.0.00.0.00.01.0000;DINAS KESEHATAN;1.02.0.00.0.00.01.0006;Puskesmas Tanjung Gadang;;;4.1.04.16.006.00001;Pendapatan BLUD dari Jasa Giro;3240000;3240000;2026;1579813
1.02.0.00.0.00.01.0000;DINAS KESEHATAN;1.02.0.00.0.00.01.0007;Puskesmas Sijunjung;;;4.1.04.16.006.00001;Pendapatan BLUD dari Jasa Giro;7313687;7313700;2026;1729258
1.02.0.00.0.00.01.0000;DINAS KESEHATAN;1.02.0.00.0.00.01.0008;Puskesmas Gambok;;;4.1.04.16.006.00001;Pendapatan BLUD dari Jasa Giro;3600000;3600000;2026;1810475
1.02.0.00.0.00.01.0000;DINAS KESEHATAN;1.02.0.00.0.00.01.0009;Puskesmas Lubuk Tarok;;;4.1.04.16.006.00001;Pendapatan BLUD dari Jasa Giro;2000000;2000000;2026;573127
1.02.0.00.0.00.01.0000;DINAS KESEHATAN;1.02.0.00.0.00.01.0010;Puskesmas Muaro Bodi;;;4.1.04.16.006.00001;Pendapatan BLUD dari Jasa Giro;2000000;2000000;2026;254972
1.02.0.00.0.00.01.0000;DINAS KESEHATAN;1.02.0.00.0.00.01.0011;Puskesmas Padang Sibusuk;;;4.1.04.16.006.00001;Pendapatan BLUD dari Jasa Giro;703484;703500;2026;46344
1.02.0.00.0.00.01.0000;DINAS KESEHATAN;1.02.0.00.0.00.01.0012;Puskesmas Tanjung Ampalu;;;4.1.04.16.006.00001;Pendapatan BLUD dari Jasa Giro;2315554.67;1330000;2026;555989
1.02.0.00.0.00.01.0000;DINAS KESEHATAN;1.02.0.00.0.00.01.0013;Puskesmas Padang Laweh;;;4.1.04.16.006.00001;Pendapatan BLUD dari Jasa Giro;200000;200000;2026;66940
1.02.0.00.0.00.01.0000;DINAS KESEHATAN;1.02.0.00.0.00.01.0014;Puskesmas Kumanis;;;4.1.04.16.006.00001;Pendapatan BLUD dari Jasa Giro;1000934;1000900;2026;221803
1.02.0.00.0.00.01.0000;DINAS KESEHATAN;1.02.0.00.0.00.01.0015;Puskesmas Sumpur Kudus;;;4.1.04.16.006.00001;Pendapatan BLUD dari Jasa Giro;1088439;1372300;2026;619803
1.02.0.00.0.00.01.0000;DINAS KESEHATAN;1.02.0.00.0.00.01.0016;Rumah Sakit Umum Daerah Ahmad Syafii Maarif;;;4.1.04.16.006.00001;Pendapatan BLUD dari Jasa Giro;84280960;136666700;2026;125505372
2.17.3.30.3.31.01.0000;DINAS PERDAGANGAN, PERINDUSTRIAN, KOPERASI USAHA KECIL DAN MENENGAH;2.17.3.30.3.31.01.0000;DINAS PERDAGANGAN, PERINDUSTRIAN, KOPERASI USAHA KECIL DAN MENENGAH;;;4.1.04.19.001.00001;Pendapatan Hasil Pengelolaan Dana Bergulir;150000000;150000000;2026;63740500
2.12.0.00.0.00.01.0000;DINAS KEPENDUDUKAN DAN PENCATATAN SIPIL;2.12.0.00.0.00.01.0000;DINAS KEPENDUDUKAN DAN PENCATATAN SIPIL;;;4.1.04.21.001.00001;Pendapatan Denda atas Pelanggaran Peraturan Daerah;0;60000000;2026;48250000
5.02.0.00.0.00.01.0000;BADAN KEUANGAN DAN ASET DAERAH;5.02.0.00.0.00.01.0000;BADAN KEUANGAN DAN ASET DAERAH;;;4.1.04.27.001.00068;Pendapatan Denda Pajak Reklame Papan/Billboard/Videotron/Megatron;0;17493713.4;2026;216000
5.02.0.00.0.00.01.0000;BADAN KEUANGAN DAN ASET DAERAH;5.02.0.00.0.00.01.0000;BADAN KEUANGAN DAN ASET DAERAH;;;4.1.04.27.001.00090;Pendapatan Denda Pajak Dolomit;0;0;2026;1158117
5.02.0.00.0.00.01.0000;BADAN KEUANGAN DAN ASET DAERAH;5.02.0.00.0.00.01.0000;BADAN KEUANGAN DAN ASET DAERAH;;;4.1.04.27.001.00122;Pendapatan Denda PBBP2;0;0;2026;271859
5.02.0.00.0.00.01.0000;BADAN KEUANGAN DAN ASET DAERAH;5.02.0.00.0.00.01.0000;BADAN KEUANGAN DAN ASET DAERAH;;;4.1.04.27.001.00123;Pendapatan Denda BPHTB-Pemindahan Hak;0;0;2026;17701287
5.02.0.00.0.00.01.0000;BADAN KEUANGAN DAN ASET DAERAH;5.02.0.00.0.00.01.0000;BADAN KEUANGAN DAN ASET DAERAH;;;4.1.04.27.001.00124;Pendapatan Denda BPHTB-Pemberian Hak Baru;0;0;2026;880740
5.02.0.00.0.00.01.0000;BADAN KEUANGAN DAN ASET DAERAH;5.02.0.00.0.00.01.0000;BADAN KEUANGAN DAN ASET DAERAH;;;4.2.01.05.001.00001;Dana Desa;54158561000;54158561000;2026;20628678600
5.02.0.00.0.00.01.0000;BADAN KEUANGAN DAN ASET DAERAH;5.02.0.00.0.00.01.0000;BADAN KEUANGAN DAN ASET DAERAH;;;4.2.01.07.001.00001;DBH PBB;1261446000;4413286000;2026;3656418400
5.02.0.00.0.00.01.0000;BADAN KEUANGAN DAN ASET DAERAH;5.02.0.00.0.00.01.0000;BADAN KEUANGAN DAN ASET DAERAH;;;4.2.01.07.001.00002;DBH PPh Pasal 21;0;3721659000;2026;4400562600
5.02.0.00.0.00.01.0000;BADAN KEUANGAN DAN ASET DAERAH;5.02.0.00.0.00.01.0000;BADAN KEUANGAN DAN ASET DAERAH;;;4.2.01.07.001.00003;DBH PPh Pasal 25 dan Pasal 29/WPOPDN;1765510000;2021434000;2026;283224400
5.02.0.00.0.00.01.0000;BADAN KEUANGAN DAN ASET DAERAH;5.02.0.00.0.00.01.0000;BADAN KEUANGAN DAN ASET DAERAH;;;4.2.01.07.001.00004;DBH Cukai Hasil Tembakau (CHT);0;15367000;2026;30688000
5.02.0.00.0.00.01.0000;BADAN KEUANGAN DAN ASET DAERAH;5.02.0.00.0.00.01.0000;BADAN KEUANGAN DAN ASET DAERAH;;;4.2.01.07.002.00002;DBH SDA Gas Bumi;5114691000;1450028000;2026;1330496000
5.02.0.00.0.00.01.0000;BADAN KEUANGAN DAN ASET DAERAH;5.02.0.00.0.00.01.0000;BADAN KEUANGAN DAN ASET DAERAH;;;4.2.01.07.002.00003;DBH SDA Pengusahaan Panas Bumi;84318000;322694000;2026;322694000
5.02.0.00.0.00.01.0000;BADAN KEUANGAN DAN ASET DAERAH;5.02.0.00.0.00.01.0000;BADAN KEUANGAN DAN ASET DAERAH;;;4.2.01.07.002.00005;DBH SDA Mineral dan Batubara-Royalty;2823568000;5024095000;2026;3895766200
5.02.0.00.0.00.01.0000;BADAN KEUANGAN DAN ASET DAERAH;5.02.0.00.0.00.01.0000;BADAN KEUANGAN DAN ASET DAERAH;;;4.2.01.07.002.00006;DBH SDA Kehutanan-Provisi Sumber Daya Hutan (PSDH);345739000;1111173000;2026;972877400
5.02.0.00.0.00.01.0000;BADAN KEUANGAN DAN ASET DAERAH;5.02.0.00.0.00.01.0000;BADAN KEUANGAN DAN ASET DAERAH;;;4.2.01.07.002.00009;DBH SDA Perikanan;247255000;419053000;2026;320151000
5.02.0.00.0.00.01.0000;BADAN KEUANGAN DAN ASET DAERAH;5.02.0.00.0.00.01.0000;BADAN KEUANGAN DAN ASET DAERAH;;;4.2.01.07.003.00001;DBH Sawit;2012579000;2012579000;2026;704402650
5.02.0.00.0.00.01.0000;BADAN KEUANGAN DAN ASET DAERAH;5.02.0.00.0.00.01.0000;BADAN KEUANGAN DAN ASET DAERAH;;;4.2.01.08.001.00001;DAU;517397218000;588219140000;2026;415753394000
5.02.0.00.0.00.01.0000;BADAN KEUANGAN DAN ASET DAERAH;5.02.0.00.0.00.01.0000;BADAN KEUANGAN DAN ASET DAERAH;;;4.2.01.08.002.00004;DAU yang Ditentukan Penggunaannya Bidang Pendidikan;5320612000;5320612000;2026;1862214200
5.02.0.00.0.00.01.0000;BADAN KEUANGAN DAN ASET DAERAH;5.02.0.00.0.00.01.0000;BADAN KEUANGAN DAN ASET DAERAH;;;4.2.01.08.002.00005;DAU yang Ditentukan Penggunaannya Bidang Kesehatan;11520997000;11520997000;2026;4032348950
5.02.0.00.0.00.01.0000;BADAN KEUANGAN DAN ASET DAERAH;5.02.0.00.0.00.01.0000;BADAN KEUANGAN DAN ASET DAERAH;;;4.2.01.09.001.00075;DAK Fisik-Bidang Kesehatan-Penguatan Sistem Kesehatan;0;0;2026;628446966
5.02.0.00.0.00.01.0000;BADAN KEUANGAN DAN ASET DAERAH;5.02.0.00.0.00.01.0000;BADAN KEUANGAN DAN ASET DAERAH;;;4.2.01.09.001.00101;DAK Fisik-Bidang Kesehatan-Penguatan Sistem dan Kapasitas Pelayanan Kesehatan;629816000;629816000;2026;0
5.02.0.00.0.00.01.0000;BADAN KEUANGAN DAN ASET DAERAH;5.02.0.00.0.00.01.0000;BADAN KEUANGAN DAN ASET DAERAH;;;4.2.01.09.002.00001;DAK Non Fisik-BOS Reguler;35797420000;35797420000;2026;17898710000
5.02.0.00.0.00.01.0000;BADAN KEUANGAN DAN ASET DAERAH;5.02.0.00.0.00.01.0000;BADAN KEUANGAN DAN ASET DAERAH;;;4.2.01.09.002.00003;DAK Non Fisik-BOS Kinerja;792000000;792000000;2026;0
5.02.0.00.0.00.01.0000;BADAN KEUANGAN DAN ASET DAERAH;5.02.0.00.0.00.01.0000;BADAN KEUANGAN DAN ASET DAERAH;;;4.2.01.09.002.00004;DAK Non Fisik-TPG PNSD;99202601000;0;2026;0
5.02.0.00.0.00.01.0000;BADAN KEUANGAN DAN ASET DAERAH;5.02.0.00.0.00.01.0000;BADAN KEUANGAN DAN ASET DAERAH;;;4.2.01.09.002.00005;DAK Non Fisik-Tamsil Guru PNSD;75000000;0;2026;0
5.02.0.00.0.00.01.0000;BADAN KEUANGAN DAN ASET DAERAH;5.02.0.00.0.00.01.0000;BADAN KEUANGAN DAN ASET DAERAH;;;4.2.01.09.002.00007;DAK Non Fisik-BOP PAUD;4911300000;4911300000;2026;2490900000
5.02.0.00.0.00.01.0000;BADAN KEUANGAN DAN ASET DAERAH;5.02.0.00.0.00.01.0000;BADAN KEUANGAN DAN ASET DAERAH;;;4.2.01.09.002.00008;DAK Non Fisik-BOP Pendidikan Kesetaraan;2383900000;2383900000;2026;1146950000
5.02.0.00.0.00.01.0000;BADAN KEUANGAN DAN ASET DAERAH;5.02.0.00.0.00.01.0000;BADAN KEUANGAN DAN ASET DAERAH;;;4.2.01.09.002.00012;DAK Non Fisik-BOKKB-Pengawasan Obat dan Makanan;541401000;541401000;2026;153008288
5.02.0.00.0.00.01.0000;BADAN KEUANGAN DAN ASET DAERAH;5.02.0.00.0.00.01.0000;BADAN KEUANGAN DAN ASET DAERAH;;;4.2.01.09.002.00013;DAK Non Fisik-BOKKB-Akreditasi Puskesmas;8590509000;8590509000;2026;0
5.02.0.00.0.00.01.0000;BADAN KEUANGAN DAN ASET DAERAH;5.02.0.00.0.00.01.0000;BADAN KEUANGAN DAN ASET DAERAH;;;4.2.01.09.002.00022;DAK Non Fisik-Dana Pelayanan Perlindungan Perempuan dan Anak;408000000;408000000;2026;9180880
5.02.0.00.0.00.01.0000;BADAN KEUANGAN DAN ASET DAERAH;5.02.0.00.0.00.01.0000;BADAN KEUANGAN DAN ASET DAERAH;;;4.2.01.09.002.00033;DAK Non Fisik-Dana BOK-BOK Dinas-BOK Kabupaten/Kota;6585143000;6585143000;2026;1704411308
5.02.0.00.0.00.01.0000;BADAN KEUANGAN DAN ASET DAERAH;5.02.0.00.0.00.01.0000;BADAN KEUANGAN DAN ASET DAERAH;;;4.2.01.09.002.00039;DAK Non Fisik-Bantuan Operasional Keluarga Berencana;1758607000;1758607000;2026;567680796
5.02.0.00.0.00.01.0000;BADAN KEUANGAN DAN ASET DAERAH;5.02.0.00.0.00.01.0000;BADAN KEUANGAN DAN ASET DAERAH;;;4.2.01.09.002.00041;DAK Non Fisik-Dana Bantuan Pengembangan Program Perpustakaan Daerah;600000000;600000000;2026;300000000
5.02.0.00.0.00.01.0000;BADAN KEUANGAN DAN ASET DAERAH;5.02.0.00.0.00.01.0000;BADAN KEUANGAN DAN ASET DAERAH;;;4.2.02.01.001.00001;Pendapatan Bagi Hasil Pajak Kendaraan Bermotor;5483426265;5483426265;2026;0
5.02.0.00.0.00.01.0000;BADAN KEUANGAN DAN ASET DAERAH;5.02.0.00.0.00.01.0000;BADAN KEUANGAN DAN ASET DAERAH;;;4.2.02.01.001.00002;Pendapatan Bagi Hasil Bea Balik Nama Kendaraan Bermotor;1801903121;1801903121;2026;0
5.02.0.00.0.00.01.0000;BADAN KEUANGAN DAN ASET DAERAH;5.02.0.00.0.00.01.0000;BADAN KEUANGAN DAN ASET DAERAH;;;4.2.02.01.001.00003;Pendapatan Bagi Hasil Pajak Bahan Bakar Kendaraan Bermotor;18965139580;18965139580;2026;11157670023
5.02.0.00.0.00.01.0000;BADAN KEUANGAN DAN ASET DAERAH;5.02.0.00.0.00.01.0000;BADAN KEUANGAN DAN ASET DAERAH;;;4.2.02.01.001.00004;Pendapatan Bagi Hasil Pajak Air Permukaan;187672090;187672090;2026;104748238
5.02.0.00.0.00.01.0000;BADAN KEUANGAN DAN ASET DAERAH;5.02.0.00.0.00.01.0000;BADAN KEUANGAN DAN ASET DAERAH;;;4.2.02.01.001.00005;Pendapatan Bagi Hasil Pajak Rokok;15655308234;15655308234;2026;4760149753
1.05.0.00.0.00.02.0000;BADAN PENANGGULANGAN BENCANA DAERAH;1.05.0.00.0.00.02.0000;BADAN PENANGGULANGAN BENCANA DAERAH;;;4.1.02.02.020.00001;Retribusi Pemanfaatan Aset Daerah;0;1250000;2026;625000
3.27.0.00.0.00.01.0000;DINAS PERTANIAN;3.27.0.00.0.00.01.0000;DINAS PERTANIAN;;;4.1.04.04.001.00001;Hasil Kerja Sama Daerah;0;537820000;2026;109335522
1.02.0.00.0.00.01.0000;DINAS KESEHATAN;1.02.0.00.0.00.01.0001;Rumah Sakit Umum Daerah (RSUD) Kamang Baru;;;4.1.04.16.006.00001;Pendapatan BLUD dari Jasa Giro;0;200000;2026;79846
5.02.0.00.0.00.01.0000;BADAN KEUANGAN DAN ASET DAERAH;5.02.0.00.0.00.01.0000;BADAN KEUANGAN DAN ASET DAERAH;;;4.2.01.07.002.00001;DBH SDA Minyak Bumi;0;19194735000;2026;17268390600
5.02.0.00.0.00.01.0000;BADAN KEUANGAN DAN ASET DAERAH;5.02.0.00.0.00.01.0000;BADAN KEUANGAN DAN ASET DAERAH;;;4.2.01.07.002.00004;DBH SDA Mineral dan Batubara-Landrent;0;19033000;2026;17934600
5.02.0.00.0.00.01.0000;BADAN KEUANGAN DAN ASET DAERAH;5.02.0.00.0.00.01.0000;BADAN KEUANGAN DAN ASET DAERAH;;;4.2.01.09.002.00036;DAK Non Fisik-Tunjangan Guru ASN Daerah-Tunjangan Profesi Guru;0;99202601000;2026;55395711200
5.02.0.00.0.00.01.0000;BADAN KEUANGAN DAN ASET DAERAH;5.02.0.00.0.00.01.0000;BADAN KEUANGAN DAN ASET DAERAH;;;4.2.01.09.002.00037;DAK Non Fisik-Tunjangan Guru ASN Daerah-Tambahan Penghasilan Guru;0;75000000;2026;11250000
5.02.0.00.0.00.01.0000;BADAN KEUANGAN DAN ASET DAERAH;5.02.0.00.0.00.01.0000;BADAN KEUANGAN DAN ASET DAERAH;;;4.1.04.15.008.00003;Pendapatan dari Pengembalian Kelebihan Pembayaran Belanja Tunjangan Keluarga ASN-Tunjangan Keluarga;0;0;2026;83004726
1.03.2.10.0.00.01.0000;DINAS PEKERJAAN UMUM DAN PENATAAN RUANG;1.03.2.10.0.00.01.0000;DINAS PEKERJAAN UMUM DAN PENATAAN RUANG;;;4.1.04.28.001.00071;Pendapatan Denda Retribusi Jasa Usaha-Pemanfaatan Aset Daerah;0;0;2026;76000
5.02.0.00.0.00.01.0000;BADAN KEUANGAN DAN ASET DAERAH;5.02.0.00.0.00.01.0000;BADAN KEUANGAN DAN ASET DAERAH;;;4.2.01.09.002.00035;DAK Non Fisik-Dana BOK-BOK Puskesmas;0;0;2026;5240171906
5.02.0.00.0.00.01.0000;BADAN KEUANGAN DAN ASET DAERAH;5.02.0.00.0.00.01.0000;BADAN KEUANGAN DAN ASET DAERAH;;;4.1.04.01.003.00014;Hasil Penjualan Bangunan Gedung-Bangunan Gedung Tempat Kerja-Bangunan Gedung Tempat Pendidikan;0;0;2026;36635000
5.02.0.00.0.00.01.0000;BADAN KEUANGAN DAN ASET DAERAH;5.02.0.00.0.00.01.0000;BADAN KEUANGAN DAN ASET DAERAH;;;4.1.04.27.001.00156;Pendapatan Denda Opsen PKB;0;0;2026;40862900
5.02.0.00.0.00.01.0000;BADAN KEUANGAN DAN ASET DAERAH;5.02.0.00.0.00.01.0000;BADAN KEUANGAN DAN ASET DAERAH;;;4.1.04.01.002.00054;Hasil Penjualan Alat Angkutan-Alat Angkutan Darat Bermotor-Kendaraan Dinas Bermotor Perorangan;0;0;2026;1559446280
5.02.0.00.0.00.01.0000;BADAN KEUANGAN DAN ASET DAERAH;5.02.0.00.0.00.01.0000;BADAN KEUANGAN DAN ASET DAERAH;;;4.1.04.27.001.00157;Pendapatan Denda Opsen BBNKB;0;0;2026;77300
