tahun;status;kdstatus;kdskpd;nmskpd;kdsubunit;nmsubunit;kdsubgiat;nmsubgiat;kdrek;nmrek;usulan;keterangan;setuju;jumlah;tahapan;stbhs;kdrekbhs;nmrekbhs;usulanbhs;ketbhs;jumlahbhs
2026;PERUBAHAN APBD;005;1.01.2.22.0.00.01.0000;DINAS PENDIDIKAN DAN KEBUDAYAAN;-;-;1.01.01.2.02.0001;Penyediaan Gaji dan Tunjangan ASN;5.1.01.02.006.00064;Belanja Tunjangan Profesi Guru (TPG) PNSD;Penambahan;"kekurangan BPJS TPG dan Tamsil PNS  Sebesar Rp 417.591.521
kekurangan BPJS TPG dan Tamsil P3K sebesar Rp 657.445.757";Disetujui;1075037278;1;Disetujui;5.1.01.02.006.00064;Belanja Tunjangan Profesi Guru (TPG) PNSD;Penambahan;"kekurangan BPJS TPG dan Tamsil PNS  Sebesar Rp 417.591.521
kekurangan BPJS TPG dan Tamsil P3K sebesar Rp 657.445.757";1075037278
2026;PERUBAHAN APBD;005;1.01.2.22.0.00.01.0000;DINAS PENDIDIKAN DAN KEBUDAYAAN;-;-;1.01.01.2.02.0001;Penyediaan Gaji dan Tunjangan ASN;5.1.01.01.001.00002;Belanja Gaji Pokok PPPK;Penambahan;kekurangan gaji pokok P3K;Disetujui;2396372232;1;Disetujui;5.1.01.01.001.00002;Belanja Gaji Pokok PPPK;Penambahan;kekurangan gaji pokok P3K;2396372232
2026;PERUBAHAN APBD;005;1.01.2.22.0.00.01.0000;DINAS PENDIDIKAN DAN KEBUDAYAAN;-;-;1.01.02.2.02.0012;Pembangunan Sarana, Prasarana dan Utilitas Sekolah;5.2.03.04.001.00004;Belanja Modal Pagar;Penambahan;Biaya perencanaan dan pengawasan untuk penunjang tambahan kegiatan fisik SMP;Disetujui;20000000;1;Disetujui;5.2.03.04.001.00004;Belanja Modal Pagar;Penambahan;Biaya perencanaan dan pengawasan untuk penunjang tambahan kegiatan fisik SMP;20000000
2026;PERUBAHAN APBD;005;1.01.2.22.0.00.01.0000;DINAS PENDIDIKAN DAN KEBUDAYAAN;-;-;1.01.02.2.01.0026;Penyediaan Pendidik dan Tenaga Kependidikan bagi Satuan Pendidikan Sekolah Dasar;5.1.02.02.001.00084;Belanja jasa Pegawai Pemerintah dengan Perjanjian Kerja (PPPK) Paruh Waktu pada jabatan tenaga kependidikan;Penambahan;Gaji P3K Paruh waktu sebanyak 486 orang jika disesuaikan dengan standar tenaga kerja pendidikan gaji THL yang lama;Disetujui;2400000000;1;Disetujui;5.1.02.02.001.00084;Belanja jasa Pegawai Pemerintah dengan Perjanjian Kerja (PPPK) Paruh Waktu pada jabatan tenaga kependidikan;Penambahan;Gaji P3K Paruh waktu sebanyak 486 orang jika disesuaikan dengan standar tenaga kerja pendidikan gaji THL yang lama;2400000000
2026;PERUBAHAN APBD;005;1.01.2.22.0.00.01.0000;DINAS PENDIDIKAN DAN KEBUDAYAAN;-;-;2.22.05.2.02.0001;Pelindungan Cagar Budaya;5.1.02.02.001.00003;Honorarium Narasumber atau Pembahas, Moderator, Pembawa Acara, dan Panitia;Penambahan;untuk penilaian UGGP;Disetujui;47800000;1;Disetujui;5.1.02.02.001.00003;Honorarium Narasumber atau Pembahas, Moderator, Pembawa Acara, dan Panitia;Penambahan;untuk penilaian UGGP;47800000
2026;PERUBAHAN APBD;005;1.01.2.22.0.00.01.0000;DINAS PENDIDIKAN DAN KEBUDAYAAN;-;-;1.01.02.2.02.0038;Pembinaan Minat, Bakat dan Kreativitas Siswa;5.1.02.02.001.00037;Belanja Jasa Juri Perlombaan/Pertandingan;Penambahan;Honor narasumber pendampingan kegiatan revitalisasi (SMP);Disetujui;15000000;1;Disetujui;5.1.02.02.001.00037;Belanja Jasa Juri Perlombaan/Pertandingan;Penambahan;Honor narasumber pendampingan kegiatan revitalisasi (SMP);15000000
2026;PERUBAHAN APBD;005;1.01.2.22.0.00.01.0000;DINAS PENDIDIKAN DAN KEBUDAYAAN;-;-;1.01.02.2.02.0040;Pengembangan Karir Pendidik dan Tenaga Kependidikan pada Satuan Pendidikan Sekolah Menengah Pertama;5.1.02.02.001.00003;Honorarium Narasumber atau Pembahas, Moderator, Pembawa Acara, dan Panitia;Penambahan;Honorarium / Jasa Narasumber E-Ijazah SMP;Disetujui;900000;1;Disetujui;5.1.02.02.001.00003;Honorarium Narasumber atau Pembahas, Moderator, Pembawa Acara, dan Panitia;Penambahan;Honorarium / Jasa Narasumber E-Ijazah SMP;900000
2026;PERUBAHAN APBD;005;2.13.0.00.0.00.01.0000;DINAS PEMBERDAYAAN MASYARAKAT DAN NAGARI;;;2.13.04.2.01.0004;Fasilitas pengelolaan keuangan desa;5.1.02.02.002.00001;Belanja Iuran Jaminan kesehatan bagi kepala desa dan perangkat desa;penambahan ;BPJS Perangkat Nagari;Disetujui ;30351560;1;Disetujui ;5.1.02.02.002.00001;Belanja Iuran Jaminan kesehatan bagi kepala desa dan perangkat desa;Penambahan;BPJS Perangkat Nagari;30351560
2026;PERUBAHAN APBD;005;2.13.0.00.0.00.01.0001;DINAS PEMBERDAYAAN MASYARAKAT DAN NAGARI;;;2.13.01.2.07.0006;Pengadaan peralatan dan mesin lainnya;5.1.02.01.001.00029;Belanja Alat/Bahan untuk kegiatan kantor-Bahan Komputer ;penambahan ;Pemeliharaan server siskudes;Disetujui ;35000000;1;Disetujui;5.1.02.01.001.00029;Belanja Alat/Bahan untuk kegiatan kantor-Bahan Komputer ;Penambahan ;Pemeliharaan server siskudes ;35000000
2026;PERUBAHAN APBD;005;2.13.0.00.0.00.01.0002;DINAS PEMBERDAYAAN MASYARAKAT DAN NAGARI;;;2.13.05.2.01.0005;Fasilitasi pengembangan usaha ekonomi masyarakat dan pemerintah desa dalam meningkatkan pendapatan asli daerah;5.1.02.01.001.00024;Belanja alat/bahan untuk kegiatan kantor-alat tulis kantor;penambahan ;;Disetujui ;334900;1;Disetujui;5.1.02.01.001.00024;Belanja alat/bahan untuk kegiatan kantor-alat tulis kantor;Penambahan ;;334900
2026;PERUBAHAN APBD;005;2.13.0.00.0.00.01.0003;DINAS PEMBERDAYAAN MASYARAKAT DAN NAGARI;;;2.13.05.2.01.0005;Fasilitasi pengembangan usaha ekonomi masyarakat dan pemerintah desa dalam meningkatkan pendapatan asli daerah;5.1.02.01.001.00025;Belanja Alat/Bahan untuk kegiatan kantor - kertas dan cover;penambahan ;;Disetujui ;145600;1;Disetujui;5.1.02.01.001.00025;Belanja Alat/Bahan untuk kegiatan kantor - kertas dan cover;Penambahan ;;145600
2026;PERUBAHAN APBD;005;2.13.0.00.0.00.01.0004;DINAS PEMBERDAYAAN MASYARAKAT DAN NAGARI;;;2.13.05.2.01.0005;Fasilitasi pengembangan usaha ekonomi masyarakat dan pemerintah desa dalam meningkatkan pendapatan asli daerah;5.1.02.01.001.00029;Belanja alat/bahan untuk kegiatan kantor-bahan komputer ;penambahan ;;Disetujui ;166500;1;Disetujui;5.1.02.01.001.00029;Belanja alat/bahan untuk kegiatan kantor-bahan komputer ;Penambahan ;;166500
2026;PERUBAHAN APBD;005;2.13.0.00.0.00.01.0005;DINAS PEMBERDAYAAN MASYARAKAT DAN NAGARI;;;2.13.05.2.01.0005;Fasilitasi pengembangan usaha ekonomi masyarakat dan pemerintah desa dalam meningkatkan pendapatan asli daerah;5.1.02.01.001.00052;belanja makanan dan minuman rapat;penambahan ;;Disetujui ;1532000;1;Disetujui;5.1.02.01.001.00052;belanja makanan dan minuman rapat;Penambahan ;;1532000
2026;PERUBAHAN APBD;005;2.13.0.00.0.00.01.0006;DINAS PEMBERDAYAAN MASYARAKAT DAN NAGARI;;;2.13.05.2.01.0005;Fasilitasi pengembangan usaha ekonomi masyarakat dan pemerintah desa dalam meningkatkan pendapatan asli daerah;5.1.02.04.001.00001;belanja perjalanan dinas biasa;penambahan ;;Disetujui ;1615000;1;Disetujui;5.1.02.04.001.00001;belanja perjalanan dinas biasa;Penambahan ;;1615000
2026;PERUBAHAN APBD;005;2.13.0.00.0.00.01.0007;DINAS PEMBERDAYAAN MASYARAKAT DAN NAGARI;;;2.13.05.2.01.0005;Fasilitasi pengembangan usaha ekonomi masyarakat dan pemerintah desa dalam meningkatkan pendapatan asli daerah;5.1.02.04.001.00003;belanja perjalanan dinas dalam kota;penambahan ;;Disetujui ;1206000;1;Disetujui;5.1.02.04.001.00003;belanja perjalanan dinas dalam kota;Penambahan ;;1206000
2026;PERUBAHAN APBD;005;2.18.0.00.0.00.01.0000;DINAS PENANAMAN MODAL DAN PELAYANAN TERPADU SATU PINTU;;;2.18.01.2.09.0009;Pemeliharaan/Rehabilitasi Gedung kantor dan bangunan lainnya;5.1.02.03.003.00001;Belanja pemeliharaan bangunan gedung-bangunan gedung tempat kerja - bangunan gedung kantor ;penambahan ;;Disetujui ;15000000;1;Disetujui;5.1.02.03.003.00001;Belanja pemeliharaan bangunan gedung-bangunan gedung tempat kerja - bangunan gedung kantor ;Penambahan ;;15000000
2026;PERUBAHAN APBD;005;2.18.0.00.0.00.01.0001;DINAS PENANAMAN MODAL DAN PELAYANAN TERPADU SATU PINTU;;;2.18.01.2.07.0006;Pengadaan peralatan dan mesin lainnya;5.2.02.10.001.00002;Belanja modal personal computer;penambahan ;;disetujui ;23000000;1;Disetujui;5.2.02.10.001.00002;Belanja modal personal computer;Penambahan ;;23000000
2026;PERUBAHAN APBD;005;2.18.0.00.0.00.01.0002;DINAS PENANAMAN MODAL DAN PELAYANAN TERPADU SATU PINTU;;;;;5.2.02.10.002.00003;Belanja modal peralatan personal computer;penambahan ;;disetujui ;9000000;1;Disetujui;5.2.02.10.002.00003;Belanja modal peralatan personal computer;Penambahan ;;9000000
2026;PERUBAHAN APBD;005;2.16.2.20.2.21.01.0000;DINAS KOMUNIKASI DAN INFORMATIKA;;;2.16.02.2.01.0021;Pengelolaan media komunikasi publik;5.2.02.05.001.00005;Belanja modal alat kantor lainnya;penambahan ;;disetujui ;3500000;1;Disetujui;5.2.02.05.001.00005;Belanja modal alat kantor lainnya;Penambahan ;;3500000
2026;PERUBAHAN APBD;005;2.07.3.32.0.00.01.0000;DINAS KETENAGAKERJAAN DAN TRANSMIGRASI;;;2.07.03.2.01.0001;Proses Pelaksanaan Pendidikan dan Pelatihan Keterampilan bagi Pencari Kerja berdasarkan Klaster Kompetensi;5.1.02.02.001.00031;Belanja Jasa Tenaga Keamanan;penambahan ;Kekurangan gaji tenaga keamanan UPTD BLK (4 BULAN);disetujui ;14000000;1;Disetujui;5.1.02.02.001.00031;Belanja Jasa Tenaga Keamanan;Penambahan ;Kekurangan gaji tenaga keamanan UPTD BLK (4 BULAN);14000000
2026;PERUBAHAN APBD;005;2.07.3.32.0.00.01.0000;DINAS KETENAGAKERJAAN DAN TRANSMIGRASI;;;3.32.04.2.01.0001;Penguatan SDM dalam rangka Kemandirian Satuan Pemukiman;5.1.02.01.001.00024;Belanja Alat/Bahan untuk Kegiatan Kantor-Alat Tulis Kantor;penambahan ;;disetujui ;170300;1;Disetujui;5.1.02.01.001.00024;Belanja Alat/Bahan untuk Kegiatan Kantor-Alat Tulis Kantor;Penambahan ;;170300
2026;PERUBAHAN APBD;005;2.07.3.32.0.00.01.0000;DINAS KETENAGAKERJAAN DAN TRANSMIGRASI;;;3.32.04.2.01.0001;Penguatan SDM dalam rangka Kemandirian Satuan Pemukiman;5.1.02.01.001.00025;Belanja Alat/Bahan untuk Kegiatan Kantor- Kertas dan Cover;penambahan ;;disetujui ;144600;1;Disetujui;5.1.02.01.001.00025;Belanja Alat/Bahan untuk Kegiatan Kantor- Kertas dan Cover;Penambahan ;;144600
2026;PERUBAHAN APBD;005;2.07.3.32.0.00.01.0000;DINAS KETENAGAKERJAAN DAN TRANSMIGRASI;;;3.32.04.2.01.0001;Penguatan SDM dalam rangka Kemandirian Satuan Pemukiman;5.1.02.01.001.00029;Belanja Alat/Bahan untuk Kegiatan Kantor-Bahan Komputer;penambahan ;;disetujui ;63600;1;Disetujui;5.1.02.01.001.00029;Belanja Alat/Bahan untuk Kegiatan Kantor-Bahan Komputer;Penambahan ;;63600
2026;PERUBAHAN APBD;005;2.07.3.32.0.00.01.0000;DINAS KETENAGAKERJAAN DAN TRANSMIGRASI;;;3.32.04.2.01.0001;Penguatan SDM dalam rangka Kemandirian Satuan Pemukiman;5.1.02.01.001.00052;Belanja Makanan dan Minuman Rapat;penambahan ;;disetujui ;2136000;1;Disetujui;5.1.02.01.001.00052;Belanja Makanan dan Minuman Rapat;Penambahan ;;2136000
2026;PERUBAHAN APBD;005;2.07.3.32.0.00.01.0000;DINAS KETENAGAKERJAAN DAN TRANSMIGRASI;;;3.32.04.2.01.0001;Penguatan SDM dalam rangka Kemandirian Satuan Pemukiman;5.1.02.04.001.00001;Belanja Perjalanan Dinas Biasa;penambahan ;;disetujui ;6667500;1;Disetujui;5.1.02.04.001.00001;Belanja Perjalanan Dinas Biasa;Penambahan ;;6667500
2026;PERUBAHAN APBD;005;2.07.3.32.0.00.01.0000;DINAS KETENAGAKERJAAN DAN TRANSMIGRASI;;;3.32.04.2.01.0001;Penguatan SDM dalam rangka Kemandirian Satuan Pemukiman;5.1.02.04.001.00003;Belanja Perjalanan Dinas Dalam Kota;penambahan ;;disetujui ;5818000;1;Disetujui;5.1.02.04.001.00003;Belanja Perjalanan Dinas Dalam Kota;Penambahan ;;5818000
2026;PERUBAHAN APBD;005;2.07.3.32.0.00.01.0000;DINAS KETENAGAKERJAAN DAN TRANSMIGRASI;;;2.07.01.2.09.0002;Penyediaan Jasa Pemeliharaan, Biaya Pemeliharaan, Pajak dan Perizinan Kendaraan Dinas Operasional atau Lapangan;5.1.02.03.002.00043;Belanja Pemeliharaan Alat Angkutan-Alat Angkutan Darat Bermotor-Alat Angkutan Darat Bermotor Lainnya;penambahan ;;disetujui ;5000000;1;Disetujui;5.1.02.03.002.00043;Belanja Pemeliharaan Alat Angkutan-Alat Angkutan Darat Bermotor-Alat Angkutan Darat Bermotor Lainnya;Penambahan ;;5000000
2026;PERUBAHAN APBD;005;2.09.3.25.0.00.01.0000;DINAS PANGAN DAN PERIKANAN;;;2.09.01.2.08.0004;Penyediaan Jasa Pelayanan Umum Kantor;5.1.02.02.001.00030;Belanja Jasa Tenaga Kebersihan;penambahan ;kekurangan gaji tenaga k3 (4 bulan);disetujui ;12000000;1;Disetujui;5.1.02.02.001.00030;Belanja Jasa Tenaga Kebersihan;Penambahan ;kekurangan gaji tenaga k3 (4 bulan);12000000
2026;PERUBAHAN APBD;005;2.09.3.25.0.00.01.0000;DINAS PANGAN DAN PERIKANAN;;;2.09.01.2.02.0001;Penyediaan Gaji dan Tunjangan ASN;5.1.02.02.001.00080;Belanja Honorarium Penanggungjawaban Pengelola Keuangan;penambahan ;kekurangan honor untuk pengelolaan keuangan;tidak disetujui;3745000;1;tidak disetujui;5.1.02.02.001.00080;Belanja Honorarium Penanggungjawaban Pengelola Keuangan;penambahan ;kekurangan honor untuk pengelolaan keuangan;3745000
2026;PERUBAHAN APBD;005;5.03.5.04.0.00.01.0000;BADAN KEPEGAWAIAN DAN PENGEMBANGAN SUMBER DAYA MANUSIA;;;5.03.02.2.02.0002;Pengelolaan Kenaikan Pangkat ASN;5.1.02.01.001.00024;Belanja Alat/Bahan untuk Kegiatan Kantor-Alat Tulis Kantor;penambahan ;;disetujui ;150250;1;Disetujui;5.1.02.01.001.00024;Belanja Alat/Bahan untuk Kegiatan Kantor-Alat Tulis Kantor;penambahan ;;150250
2026;PERUBAHAN APBD;005;5.03.5.04.0.00.01.0000;BADAN KEPEGAWAIAN DAN PENGEMBANGAN SUMBER DAYA MANUSIA;;;5.03.02.2.02.0002;Pengelolaan Kenaikan Pangkat ASN;5.1.02.02.001.00003;Honorarium Narasumber atau Pembahas, Moderator, Pembawa Acara, dan Panitia;penambahan ;;disetujui ;3600000;1;Disetujui;5.1.02.02.001.00003;Honorarium Narasumber atau Pembahas, Moderator, Pembawa Acara, dan Panitia;penambahan ;;3600000
2026;PERUBAHAN APBD;005;5.03.5.04.0.00.01.0000;BADAN KEPEGAWAIAN DAN PENGEMBANGAN SUMBER DAYA MANUSIA;;;5.03.02.2.02.0002;Pengelolaan Kenaikan Pangkat ASN;5.1.02.02.001.00048;Belanja Jasa Kontribusi Asosiasi;penambahan ;;disetujui ;7500000;1;Disetujui;5.1.02.02.001.00048;Belanja Jasa Kontribusi Asosiasi;penambahan ;;7500000
2026;PERUBAHAN APBD;005;5.03.5.04.0.00.01.0000;BADAN KEPEGAWAIAN DAN PENGEMBANGAN SUMBER DAYA MANUSIA;;;5.03.02.2.02.0002;Pengelolaan Kenaikan Pangkat ASN;5.1.02.04.001.00001;Belanja Perjalanan Dinas Biasa;penambahan ;;disetujui ;6570000;1;Disetujui;5.1.02.04.001.00001;Belanja Perjalanan Dinas Biasa;penambahan ;;6570000
2026;PERUBAHAN APBD;005;5.03.5.04.0.00.01.0000;BADAN KEPEGAWAIAN DAN PENGEMBANGAN SUMBER DAYA MANUSIA;;;5.04.02.2.02.0007;Penyelenggaraan Pengembangan Kompetensi bagi Pimpinan Daerah, Jabatan Pimpinan Tinggi, Jabatan Fungsional, Kepemimpinan, dan Prajabatan;5.1.02.04.001.00001;Belanja Perjalanan Dinas Biasa;penambahan ;;disetujui ;18000000;1;Disetujui;5.1.02.04.001.00001;Belanja Perjalanan Dinas Biasa;penambahan ;;18000000
2026;PERUBAHAN APBD;005;5.03.5.04.0.00.01.0000;BADAN KEPEGAWAIAN DAN PENGEMBANGAN SUMBER DAYA MANUSIA;;;5.04.02.2.02.0007;Penyelenggaraan Pengembangan Kompetensi bagi Pimpinan Daerah, Jabatan Pimpinan Tinggi, Jabatan Fungsional, Kepemimpinan, dan Prajabatan;5.1.02.02.001.00011;Honorarium Penyelenggaraan Kegiatan Pendidikan dan Pelatihan;penambahan ;;disetujui ;5000000;1;Disetujui;5.1.02.02.001.00011;Honorarium Penyelenggaraan Kegiatan Pendidikan dan Pelatihan;penambahan ;;5000000
2026;PERUBAHAN APBD;005;1.04.2.11.0.00.01.0000 ;DINAS PERUMAHAN, KAWASAN PERMUKIMAN DAN LINGKUNGAN HIDUP;;;1.03.05.2.01.0044 ;Penyediaan Unit pengolahan setempat;5.1.02.02.009.00011;Belanja Jasa Konsultansi Berorientasi Layanan-Jasa Survei;penambahan ;TPST Muaro batuak (dokumen lingkungan pembangunan TPST);disetujui ;50000000;1;Disetujui;5.1.02.02.009.00011;Belanja Jasa Konsultansi Berorientasi Layanan-Jasa Survei;penambahan ;TPST Muaro batuak (dokumen lingkungan pembangunan TPST);50000000
2026;PERUBAHAN APBD;005;1.04.2.11.0.00.01.0000 ;DINAS PERUMAHAN, KAWASAN PERMUKIMAN DAN LINGKUNGAN HIDUP;;;2.11.03.2.01.0007 ;Pelaksanaan pemantauan kualitas Lingkungan Hidup terhadap Media Tanah, Air, Udara, dan Laut;5.1.02.04.001.00001 ;Belanja Perjalanan Dinas Biasa;penambahan ;pemantauan lingkungan kualitas air (perjalanan dinas);disetujui ;4965000;1;Disetujui;5.1.02.04.001.00001 ;Belanja Perjalanan Dinas Biasa;penambahan ;pemantauan lingkungan kualitas air (perjalanan dinas);4965000
2026;PERUBAHAN APBD;005;1.04.2.11.0.00.01.0000 ;DINAS PERUMAHAN, KAWASAN PERMUKIMAN DAN LINGKUNGAN HIDUP;;;2.11.03.2.01.0007 ;Pelaksanaan pemantauan kualitas Lingkungan Hidup terhadap Media Tanah, Air, Udara, dan Laut;5.1.02.04.001.00003 ;Belanja Perjalanan Dinas Dalam Kota;penambahan ;pemantauan lingkungan kualitas air (perjalanan dinas);disetujui ;1935000;1;Disetujui;5.1.02.04.001.00003 ;Belanja Perjalanan Dinas Dalam Kota;penambahan ;pemantauan lingkungan kualitas air (perjalanan dinas);1935000
2026;PERUBAHAN APBD;005;1.04.2.11.0.00.01.0000 ;DINAS PERUMAHAN, KAWASAN PERMUKIMAN DAN LINGKUNGAN HIDUP;;;1.04.01.2.06.0009 ;Penyelenggaraan Rapat Koordinasi dan Konsultasi SKPD;5.1.02.04.001.00001;Belanja Perjalanan Dinas Biasa;penambahan ;uji kompetensi (biaya perjalanan dinas untuk 2 orang);disetujui ;15000000;1;Disetujui;5.1.02.04.001.00001;Belanja Perjalanan Dinas Biasa;penambahan ;uji kompetensi (biaya perjalanan dinas untuk 2 orang);15000000
2026;PERUBAHAN APBD;005;1.04.2.11.0.00.01.0000 ;DINAS PERUMAHAN, KAWASAN PERMUKIMAN DAN LINGKUNGAN HIDUP;;;1.04.01.2.02.0001 ;Penyediaan Gaji dan Tunjangan ASN;5.1.02.02.001.00080 ;Belanja Honorarium Penanggungjawaban Pengelola Keuangan;penambahan ;;disetujui ;2650000;1;Disetujui;5.1.02.02.001.00080 ;Belanja Honorarium Penanggungjawaban Pengelola Keuangan;penambahan ;;2650000
2026;PERUBAHAN APBD;005;1.04.2.11.0.00.01.0000 ;DINAS PERUMAHAN, KAWASAN PERMUKIMAN DAN LINGKUNGAN HIDUP;;;2.11.11.2.01.0020 ;Penanganan sampah melalui pemrosesan akhir sampah di TPA/TPST kabupaten/kota atau TPA/TPST Regional;5.2.02.17.001.00020 ;Belanja Modal Solid Material Handling Equipment;penambahan ;perbaikan 4 kontener ;disetujui ;35000000;1;Disetujui;5.2.02.17.001.00020 ;Belanja Modal Solid Material Handling Equipment;penambahan ;perbaikan 4 kontener ;35000000
2026;PERUBAHAN APBD;005;1.04.2.11.0.00.01.0000 ;DINAS PERUMAHAN, KAWASAN PERMUKIMAN DAN LINGKUNGAN HIDUP;;;2.11.11.2.01.0020 ;Penanganan sampah melalui pemrosesan akhir sampah di TPA/TPST kabupaten/kota atau TPA/TPST Regional;5.1.02.01.001.00001 ;Belanja Bahan-Bahan Bangunan dan Konstruksi;penambahan ;kekurangan Operasional sampah (penimbunan,bbm);disetujui ;100000000;1;Disetujui;5.1.02.01.001.00001 ;Belanja Bahan-Bahan Bangunan dan Konstruksi;penambahan ;kekurangan Operasional sampah (penimbunan,bbm);100000000
2026;PERUBAHAN APBD;005;2.15.0.00.0.00.01.0000 ;DINAS PERHUBUNGAN;;;2.15.02.2.02.0004 ;Rehabilitasi dan Pemeliharaan Perlengkapan Jalan;5.1.02.02.001.00061 ;Belanja Tagihan Listrik;penambahan ;kekurangan Tagihan LPJU ;disetujui ;2500000000;1;Disetujui;5.1.02.02.001.00061 ;Belanja Tagihan Listrik;penambahan ;kekurangan Tagihan LPJU ;2500000000
2026;PERUBAHAN APBD;005;2.15.0.00.0.00.01.0000 ;DINAS PERHUBUNGAN;;;2.15.01.2.06.0009 ;Penyelenggaraan Rapat Koordinasi dan Konsultasi SKPD;5.1.02.04.001.00001 ;Belanja Perjalanan Dinas Biasa;penambahan ;biaya pelatihan kepemimpinan (PKN) SPPD;disetujui ;25000000;1;Disetujui;5.1.02.04.001.00001 ;Belanja Perjalanan Dinas Biasa;penambahan ;biaya pelatihan kepemimpinan (PKN) SPPD;25000000
